{
  "type": "minecraft:crafting_shaped",
  "pattern": [
    "012",
    "345",
    " 7 "
  ],
  "key": {
    "0": {
      "item": "minecraft:packed_ice"
    },
    "1": {
      "item": "minecraft:diamond_block"
    },
    "2": {
      "item": "minecraft:packed_ice"
    },
    "3": {
      "item": "minecraft:packed_ice"
    },
    "4": {
      "item": "minecraft:diamond_block"
    },
    "5": {
      "item": "minecraft:packed_ice"
    },
    "7": {
      "item": "minecraft:stick"
    }
  },
  "result": {
    "item": "sao_sword_sheaths:dark_repulsor",
    "count": 1
  }
}