{
  "type": "minecraft:crafting_shaped",
  "pattern": [
    "012",
    "345",
    " 7 "
  ],
  "key": {
    "0": {
      "item": "minecraft:diamond_ore"
    },
    "1": {
      "item": "minecraft:netherite_ingot"
    },
    "2": {
      "item": "minecraft:diamond_ore"
    },
    "3": {
      "item": "minecraft:gold_block"
    },
    "4": {
      "item": "minecraft:poppy"
    },
    "5": {
      "item": "minecraft:gold_block"
    },
    "7": {
      "item": "minecraft:soul_torch"
    }
  },
  "result": {
    "item": "sao_sword_sheaths:light_lambent",
    "count": 1
  }
}