{
  "credit": "Made with Blockbench",
  "parent": "magicstaff",
  "texture_size": [
    32,
    32
  ],
  "elements": [
    {
      "from": [
        7,
        0,
        7
      ],
      "to": [
        9,
        28,
        9
      ],
      "faces": {
        "north": {
          "uv": [
            0,
            0,
            1,
            16
          ],
          "texture": "#0"
        },
        "east": {
          "uv": [
            1,
            0,
            2,
            16
          ],
          "texture": "#0"
        },
        "south": {
          "uv": [
            2,
            0,
            3,
            16
          ],
          "texture": "#0"
        },
        "west": {
          "uv": [
            3,
            0,
            4,
            16
          ],
          "texture": "#0"
        },
        "up": {
          "uv": [
            15,
            2.5,
            14,
            1.5
          ],
          "texture": "#0"
        },
        "down": {
          "uv": [
            15,
            2.5,
            14,
            3.5
          ],
          "texture": "#0"
        }
      }
    },
    {
      "from": [
        6.75,
        21,
        4
      ],
      "to": [
        9.25,
        26,
        6
      ],
      "rotation": {
        "angle": -22.5,
        "axis": "x",
        "origin": [
          8,
          27.5,
          8
        ]
      },
      "faces": {
        "north": {
          "uv": [
            4,
            0,
            5.5,
            4.5
          ],
          "texture": "#0"
        },
        "east": {
          "uv": [
            4,
            9,
            5,
            13.5
          ],
          "texture": "#0"
        },
        "south": {
          "uv": [
            4,
            4.5,
            5.5,
            9
          ],
          "texture": "#0"
        },
        "west": {
          "uv": [
            5,
            9,
            6,
            13.5
          ],
          "texture": "#0"
        },
        "up": {
          "uv": [
            14.5,
            13,
            13,
            12
          ],
          "texture": "#0"
        },
        "down": {
          "uv": [
            14.5,
            13,
            13,
            14
          ],
          "texture": "#0"
        }
      }
    },
    {
      "from": [
        6.75,
        21,
        10
      ],
      "to": [
        9.25,
        26,
        12
      ],
      "rotation": {
        "angle": 22.5,
        "axis": "x",
        "origin": [
          8,
          27.5,
          8
        ]
      },
      "faces": {
        "north": {
          "uv": [
            5.5,
            0,
            7,
            4.5
          ],
          "texture": "#0"
        },
        "east": {
          "uv": [
            6,
            9,
            7,
            13.5
          ],
          "texture": "#0"
        },
        "south": {
          "uv": [
            5.5,
            4.5,
            7,
            9
          ],
          "texture": "#0"
        },
        "west": {
          "uv": [
            7,
            9,
            8,
            13.5
          ],
          "texture": "#0"
        },
        "up": {
          "uv": [
            5.5,
            14.5,
            4,
            13.5
          ],
          "texture": "#0"
        },
        "down": {
          "uv": [
            7,
            13.5,
            5.5,
            14.5
          ],
          "texture": "#0"
        }
      }
    },
    {
      "from": [
        10,
        21,
        6.75
      ],
      "to": [
        12,
        26,
        9.25
      ],
      "rotation": {
        "angle": -22.5,
        "axis": "z",
        "origin": [
          8,
          27.5,
          8
        ]
      },
      "faces": {
        "north": {
          "uv": [
            8,
            9,
            9,
            13.5
          ],
          "texture": "#0"
        },
        "east": {
          "uv": [
            7,
            0,
            8.5,
            4.5
          ],
          "texture": "#0"
        },
        "south": {
          "uv": [
            9,
            9,
            10,
            13.5
          ],
          "texture": "#0"
        },
        "west": {
          "uv": [
            7,
            4.5,
            8.5,
            9
          ],
          "texture": "#0"
        },
        "up": {
          "uv": [
            8,
            15,
            7,
            13.5
          ],
          "texture": "#0"
        },
        "down": {
          "uv": [
            9,
            13.5,
            8,
            15
          ],
          "texture": "#0"
        }
      }
    },
    {
      "from": [
        4,
        21,
        6.75
      ],
      "to": [
        6,
        26,
        9.25
      ],
      "rotation": {
        "angle": 22.5,
        "axis": "z",
        "origin": [
          8,
          27.5,
          8
        ]
      },
      "faces": {
        "north": {
          "uv": [
            10,
            0,
            11,
            4.5
          ],
          "texture": "#0"
        },
        "east": {
          "uv": [
            8.5,
            0,
            10,
            4.5
          ],
          "texture": "#0"
        },
        "south": {
          "uv": [
            10,
            4.5,
            11,
            9
          ],
          "texture": "#0"
        },
        "west": {
          "uv": [
            8.5,
            4.5,
            10,
            9
          ],
          "texture": "#0"
        },
        "up": {
          "uv": [
            10,
            15,
            9,
            13.5
          ],
          "texture": "#0"
        },
        "down": {
          "uv": [
            15,
            0,
            14,
            1.5
          ],
          "texture": "#0"
        }
      }
    },
    {
      "from": [
        4,
        26,
        7
      ],
      "to": [
        6,
        28,
        9
      ],
      "rotation": {
        "angle": -22.5,
        "axis": "z",
        "origin": [
          8,
          27.5,
          8
        ]
      },
      "faces": {
        "north": {
          "uv": [
            10,
            9,
            11,
            12
          ],
          "texture": "#0"
        },
        "east": {
          "uv": [
            11,
            0,
            12,
            3
          ],
          "texture": "#0"
        },
        "south": {
          "uv": [
            11,
            3,
            12,
            6
          ],
          "texture": "#0"
        },
        "west": {
          "uv": [
            11,
            6,
            12,
            9
          ],
          "texture": "#0"
        },
        "up": {
          "uv": [
            15,
            4.5,
            14,
            3.5
          ],
          "texture": "#0"
        },
        "down": {
          "uv": [
            15,
            4.5,
            14,
            5.5
          ],
          "texture": "#0"
        }
      }
    },
    {
      "from": [
        10,
        26,
        7
      ],
      "to": [
        12,
        28,
        9
      ],
      "rotation": {
        "angle": 22.5,
        "axis": "z",
        "origin": [
          8,
          27.5,
          8
        ]
      },
      "faces": {
        "north": {
          "uv": [
            11,
            9,
            12,
            12
          ],
          "texture": "#0"
        },
        "east": {
          "uv": [
            12,
            0,
            13,
            3
          ],
          "texture": "#0"
        },
        "south": {
          "uv": [
            12,
            3,
            13,
            6
          ],
          "texture": "#0"
        },
        "west": {
          "uv": [
            12,
            6,
            13,
            9
          ],
          "texture": "#0"
        },
        "up": {
          "uv": [
            15,
            6.5,
            14,
            5.5
          ],
          "texture": "#0"
        },
        "down": {
          "uv": [
            15,
            6.5,
            14,
            7.5
          ],
          "texture": "#0"
        }
      }
    },
    {
      "from": [
        7,
        26,
        4
      ],
      "to": [
        9,
        28,
        6
      ],
      "rotation": {
        "angle": 22.5,
        "axis": "x",
        "origin": [
          8,
          27.5,
          8
        ]
      },
      "faces": {
        "north": {
          "uv": [
            12,
            9,
            13,
            12
          ],
          "texture": "#0"
        },
        "east": {
          "uv": [
            10,
            12,
            11,
            15
          ],
          "texture": "#0"
        },
        "south": {
          "uv": [
            11,
            12,
            12,
            15
          ],
          "texture": "#0"
        },
        "west": {
          "uv": [
            12,
            12,
            13,
            15
          ],
          "texture": "#0"
        },
        "up": {
          "uv": [
            15,
            8.5,
            14,
            7.5
          ],
          "texture": "#0"
        },
        "down": {
          "uv": [
            15,
            8.5,
            14,
            9.5
          ],
          "texture": "#0"
        }
      }
    },
    {
      "from": [
        7,
        26,
        10
      ],
      "to": [
        9,
        28,
        12
      ],
      "rotation": {
        "angle": -22.5,
        "axis": "x",
        "origin": [
          8,
          27.5,
          8
        ]
      },
      "faces": {
        "north": {
          "uv": [
            13,
            0,
            14,
            3
          ],
          "texture": "#0"
        },
        "east": {
          "uv": [
            13,
            3,
            14,
            6
          ],
          "texture": "#0"
        },
        "south": {
          "uv": [
            13,
            6,
            14,
            9
          ],
          "texture": "#0"
        },
        "west": {
          "uv": [
            13,
            9,
            14,
            12
          ],
          "texture": "#0"
        },
        "up": {
          "uv": [
            15,
            10.5,
            14,
            9.5
          ],
          "texture": "#0"
        },
        "down": {
          "uv": [
            15,
            10.5,
            14,
            11.5
          ],
          "texture": "#0"
        }
      }
    }
  ],
  "display": {
    "thirdperson_righthand": {
      "rotation": [
        64,
        0,
        0
      ],
      "translation": [
        0,
        -1.75,
        -1
      ],
      "scale": [
        1,
        1.47,
        1
      ]
    },
    "firstperson_righthand": {
      "rotation": [
        -18,
        0,
        0
      ],
      "translation": [
        0,
        -5,
        0
      ]
    },
    "firstperson_lefthand": {
      "rotation": [
        -25,
        0,
        0
      ],
      "translation": [
        0,
        -8.25,
        0
      ]
    },
    "fixed": {
      "rotation": [
        -36,
        0,
        0
      ],
      "translation": [
        0,
        0,
        -2
      ]
    }
  }
}