{
  "_fv": 24,
  "_type": "tool",
  "definition": {
    "renderType": 1,
    "texture": "darkrepulsor",
    "customModelName": "darkrepulsor:default",
    "name": "Dark Repulsor",
    "specialInfo": [
      "Right click to activate sonic boom ability"
    ],
    "creativeTab": {
      "value": "COMBAT"
    },
    "toolType": "Sword",
    "harvestLevel": 5,
    "efficiency": 30.0,
    "attackSpeed": 2.0,
    "enchantability": 30,
    "damageVsEntity": 10.0,
    "usageCount": 2000,
    "blocksAffected": [],
    "hasGlow": false,
    "repairItems": [
      {
        "value": "Blocks.DIAMOND_BLOCK"
      }
    ],
    "immuneToFire": false,
    "stayInGridWhenCrafting": false,
    "damageOnCrafting": false,
    "onRightClickedInAir": {
      "name": "DarkRepulsorRightClickedInAir"
    }
  }
}