{
  "_fv": 24,
  "_type": "recipe",
  "definition": {
    "recipeType": "Crafting",
    "xpReward": 0.0,
    "cookingTime": 200,
    "recipeRetstackSize": 1,
    "group": "",
    "recipeShapeless": false,
    "recipeSlots": [
      {
        "value": "Blocks.DIAMOND_ORE"
      },
      {
        "value": "Items.NETHERITE_INGOT"
      },
      {
        "value": "Blocks.DIAMOND_ORE"
      },
      {
        "value": "Blocks.GOLD_BLOCK"
      },
      {
        "value": "Blocks.RED_FLOWER#0"
      },
      {
        "value": "Blocks.GOLD_BLOCK"
      },
      {
        "value": ""
      },
      {
        "value": "Blocks.SOUL_TORCH"
      },
      {
        "value": ""
      }
    ],
    "recipeReturnStack": {
      "value": "CUSTOM:LightLambent"
    },
    "name": "lambent_recipe",
    "namespace": "mod"
  }
}