{
  "_fv": 24,
  "_type": "tool",
  "definition": {
    "renderType": 1,
    "texture": "darkrepulsor",
    "customModelName": "lambent:default",
    "name": "Light Lambent",
    "specialInfo": [
      "Right click to activate quick jab"
    ],
    "creativeTab": {
      "value": "COMBAT"
    },
    "toolType": "Sword",
    "harvestLevel": 1,
    "efficiency": 4.0,
    "attackSpeed": 3.9999999999999996,
    "enchantability": 12,
    "damageVsEntity": 7.0,
    "usageCount": 2000,
    "blocksAffected": [],
    "hasGlow": false,
    "repairItems": [
      {
        "value": "Blocks.DIAMOND_BLOCK"
      }
    ],
    "immuneToFire": true,
    "stayInGridWhenCrafting": false,
    "damageOnCrafting": false,
    "onRightClickedInAir": {
      "name": "LightLambentRightClickedInAir"
    },
    "onItemInUseTick": {
      "name": "LightLambentToolInHandTick"
    }
  }
}