{
  "_fv": 24,
  "_type": "gui",
  "definition": {
    "type": 0,
    "width": 0,
    "height": 0,
    "inventoryOffsetX": 0,
    "inventoryOffsetY": 0,
    "renderBgLayer": true,
    "doesPauseGame": false,
    "components": [
      {
        "type": "button",
        "data": {
          "text": "Fire Manipulation",
          "onClick": {
            "name": "FMS1"
          },
          "displayCondition": {
            "name": "Knowledge1"
          },
          "width": 140,
          "height": 20,
          "name": "Fire Manipulation",
          "x": 24,
          "y": 44
        }
      },
      {
        "type": "button",
        "data": {
          "text": "Back",
          "onClick": {
            "name": "BM1"
          },
          "width": 46,
          "height": 20,
          "name": "Back",
          "x": 6,
          "y": 8
        }
      },
      {
        "type": "button",
        "data": {
          "text": "Equip",
          "onClick": {
            "name": "FME1"
          },
          "displayCondition": {
            "name": "FME1True"
          },
          "width": 51,
          "height": 20,
          "name": "Equip",
          "x": 60,
          "y": 71
        }
      }
    ],
    "gridSettings": {
      "sx": 18,
      "sy": 18,
      "ox": 11,
      "oy": 15,
      "snapOnGrid": true
    }
  }
}