{
  "_fv": 24,
  "_type": "gui",
  "definition": {
    "type": 0,
    "width": 0,
    "height": 0,
    "inventoryOffsetX": 0,
    "inventoryOffsetY": 0,
    "renderBgLayer": true,
    "doesPauseGame": false,
    "components": [
      {
        "type": "button",
        "data": {
          "text": "Summon guild staff",
          "onClick": {
            "name": "GiveGuildStaff"
          },
          "displayCondition": {
            "name": "GuildStartPower"
          },
          "width": 119,
          "height": 20,
          "name": "Summon guild staff",
          "x": 159,
          "y": 109
        }
      },
      {
        "type": "button",
        "data": {
          "text": "Summon guild staff",
          "onClick": {
            "name": "GiveGuildStaff"
          },
          "displayCondition": {
            "name": "GuildStaffOfficerRankUsage"
          },
          "width": 119,
          "height": 20,
          "name": "Summon guild staff",
          "x": 159,
          "y": 132
        }
      },
      {
        "type": "button",
        "data": {
          "text": "Banish guild staff",
          "onClick": {
            "name": "RemoveGuildStaff"
          },
          "displayCondition": {
            "name": "GuildStaffOfficerRankUsage"
          },
          "width": 119,
          "height": 20,
          "name": "Banish guild staff",
          "x": 158,
          "y": 155
        }
      },
      {
        "type": "label",
        "data": {
          "text": "Guild rank 2 = member",
          "color": {
            "value": -16711936,
            "falpha": 0.0
          },
          "name": "Guild rank 2 = member",
          "x": 10,
          "y": 41
        }
      },
      {
        "type": "label",
        "data": {
          "text": "Guild rank 3 = officer",
          "color": {
            "value": -13369600,
            "falpha": 0.0
          },
          "name": "Guild rank 3 = officer",
          "x": 10,
          "y": 59
        }
      },
      {
        "type": "label",
        "data": {
          "text": "Guild rank 4 = co owner",
          "color": {
            "value": -13369600,
            "falpha": 0.0
          },
          "name": "Guild rank 4 = co owner",
          "x": 9,
          "y": 79
        }
      },
      {
        "type": "label",
        "data": {
          "text": "Guild rank 1 = you have no friends",
          "color": {
            "value": -16711936,
            "falpha": 0.0
          },
          "name": "Guild rank 1 = you have no friends",
          "x": 10,
          "y": 21
        }
      },
      {
        "type": "label",
        "data": {
          "text": "Guild rank 5 = Guild leader",
          "color": {
            "value": -13369600,
            "falpha": 0.0
          },
          "name": "Guild rank 5 = Guild leader",
          "x": 8,
          "y": 97
        }
      },
      {
        "type": "label",
        "data": {
          "text": "<VAR:integer:Guild_Rank>",
          "color": {
            "value": -13369600,
            "falpha": 0.0
          },
          "name": "<VAR:integer:Guild_Rank>",
          "x": 64,
          "y": 128
        }
      },
      {
        "type": "label",
        "data": {
          "text": "Guild rank:",
          "color": {
            "value": -16711936,
            "falpha": 0.0
          },
          "name": "Guild rank:",
          "x": 3,
          "y": 127
        }
      },
      {
        "type": "label",
        "data": {
          "text": "*Only officers and Co owners can invite or ban people for the guild*",
          "color": {
            "value": -65536,
            "falpha": 0.0
          },
          "name": "*Only officers and Co owners can invite or ban people for the guild*",
          "x": 46,
          "y": 213
        }
      },
      {
        "type": "button",
        "data": {
          "text": "Back",
          "onClick": {
            "name": "Back"
          },
          "width": 46,
          "height": 20,
          "name": "Back",
          "x": 8,
          "y": -2
        }
      }
    ],
    "gridSettings": {
      "sx": 18,
      "sy": 18,
      "ox": 11,
      "oy": 15,
      "snapOnGrid": false
    }
  }
}