{
  "_fv": 24,
  "_type": "gui",
  "definition": {
    "type": 0,
    "width": 0,
    "height": 0,
    "inventoryOffsetX": 0,
    "inventoryOffsetY": 0,
    "renderBgLayer": true,
    "doesPauseGame": false,
    "components": [
      {
        "type": "button",
        "data": {
          "text": "Accept Guild Invite",
          "onClick": {
            "name": "Acceptinvite"
          },
          "width": 103,
          "height": 20,
          "name": "Accept Guild Invite",
          "x": 164,
          "y": 93
        }
      },
      {
        "type": "button",
        "data": {
          "text": "Decline Guild Invite",
          "width": 129,
          "height": 20,
          "name": "Decline Guild Invite",
          "x": 151,
          "y": 117
        }
      }
    ],
    "gridSettings": {
      "sx": 18,
      "sy": 18,
      "ox": 11,
      "oy": 15,
      "snapOnGrid": false
    }
  }
}