{
  "_fv": 24,
  "_type": "tool",
  "definition": {
    "renderType": 1,
    "texture": "staff",
    "customModelName": "magicstaff:default",
    "name": "Guild Staff kick",
    "specialInfo": [
      "kicks guild members"
    ],
    "creativeTab": {
      "value": "TOOLS"
    },
    "toolType": "Pickaxe",
    "harvestLevel": 1,
    "efficiency": 4.0,
    "attackSpeed": 1.0,
    "enchantability": 2,
    "damageVsEntity": 0.1,
    "usageCount": 100000,
    "blocksAffected": [],
    "hasGlow": false,
    "repairItems": [],
    "immuneToFire": true,
    "stayInGridWhenCrafting": false,
    "damageOnCrafting": false,
    "onEntityHitWith": {
      "name": "KickFromGuild"
    },
    "onItemInInventoryTick": {
      "name": "KickGuildstaff"
    }
  }
}