{
  "_fv": 24,
  "_type": "gui",
  "definition": {
    "type": 0,
    "width": 0,
    "height": 0,
    "inventoryOffsetX": 0,
    "inventoryOffsetY": 0,
    "renderBgLayer": true,
    "doesPauseGame": false,
    "components": [
      {
        "type": "label",
        "data": {
          "text": "Stamina: 100",
          "color": {
            "value": -16711936,
            "falpha": 0.0
          },
          "name": "Stamina: 100",
          "x": 19,
          "y": 81
        }
      },
      {
        "type": "label",
        "data": {
          "text": "Speed: 10",
          "color": {
            "value": -16711936,
            "falpha": 0.0
          },
          "name": "Speed: 10",
          "x": 19,
          "y": 106
        }
      },
      {
        "type": "label",
        "data": {
          "text": "Mana: 50",
          "color": {
            "value": -16711936,
            "falpha": 0.0
          },
          "name": "Mana: 50",
          "x": 20,
          "y": 132
        }
      },
      {
        "type": "button",
        "data": {
          "text": "Select Human",
          "width": 87,
          "height": 20,
          "name": "Select Human",
          "x": 171,
          "y": 109
        }
      },
      {
        "type": "label",
        "data": {
          "text": "Human stats",
          "color": {
            "value": -16751104,
            "falpha": 0.0
          },
          "name": "Human stats",
          "x": 18,
          "y": 64
        }
      },
      {
        "type": "label",
        "data": {
          "text": "Human ability: Heroes Bllessing: allows you to wield all types of hero weapons",
          "color": {
            "value": -16711936,
            "falpha": 0.0
          },
          "name": "Human ability: Heroes Bllessing: allows you to wield all types of hero weapons",
          "x": 3,
          "y": 6
        }
      },
      {
        "type": "label",
        "data": {
          "text": " and increase their stats by 5%",
          "color": {
            "value": -16711936,
            "falpha": 0.0
          },
          "name": " and increase their stats by 5%",
          "x": 4,
          "y": 19
        }
      },
      {
        "type": "label",
        "data": {
          "text": "Defense: 80",
          "color": {
            "value": -16711936,
            "falpha": 0.0
          },
          "name": "Defense: 80",
          "x": 21,
          "y": 152
        }
      }
    ],
    "gridSettings": {
      "sx": 18,
      "sy": 18,
      "ox": 11,
      "oy": 15,
      "snapOnGrid": false
    }
  }
}