{
  "_fv": 24,
  "_type": "gui",
  "definition": {
    "type": 0,
    "width": 0,
    "height": 0,
    "inventoryOffsetX": 0,
    "inventoryOffsetY": 0,
    "renderBgLayer": true,
    "doesPauseGame": false,
    "components": [
      {
        "type": "button",
        "data": {
          "text": "Magic Attack 1",
          "onClick": {
            "name": "M1"
          },
          "width": 98,
          "height": 20,
          "name": "Magic Attack 1",
          "x": 33,
          "y": 26
        }
      },
      {
        "type": "button",
        "data": {
          "text": "Magic Attack 2",
          "width": 98,
          "height": 20,
          "name": "Magic Attack 2",
          "x": 168,
          "y": 26
        }
      },
      {
        "type": "button",
        "data": {
          "text": "Magic Attack 3",
          "width": 98,
          "height": 20,
          "name": "Magic Attack 3",
          "x": 303,
          "y": 26
        }
      },
      {
        "type": "button",
        "data": {
          "text": "Magic Attack 4",
          "width": 98,
          "height": 20,
          "name": "Magic Attack 4",
          "x": 33,
          "y": 89
        }
      },
      {
        "type": "button",
        "data": {
          "text": "Magic Attack 5",
          "width": 98,
          "height": 20,
          "name": "Magic Attack 5",
          "x": 168,
          "y": 89
        }
      },
      {
        "type": "button",
        "data": {
          "text": "Magic Attack 6",
          "width": 98,
          "height": 20,
          "name": "Magic Attack 6",
          "x": 303,
          "y": 89
        }
      },
      {
        "type": "button",
        "data": {
          "text": "Knowledge Increase",
          "onClick": {
            "name": "KnowledgeIncrease"
          },
          "width": 119,
          "height": 20,
          "name": "Knowledge Increase",
          "x": 69,
          "y": 170
        }
      },
      {
        "type": "button",
        "data": {
          "text": "Mana Increase",
          "onClick": {
            "name": "ManaIncrease"
          },
          "width": 93,
          "height": 20,
          "name": "Mana Increase",
          "x": 240,
          "y": 170
        }
      },
      {
        "type": "label",
        "data": {
          "text": "5 xp",
          "color": {
            "value": -16711936,
            "falpha": 0.0
          },
          "name": "5 xp",
          "x": 276,
          "y": 152
        }
      },
      {
        "type": "label",
        "data": {
          "text": "10 xp",
          "color": {
            "value": -16711936,
            "falpha": 0.0
          },
          "name": "10 xp",
          "x": 114,
          "y": 152
        }
      },
      {
        "type": "button",
        "data": {
          "text": "Back",
          "onClick": {
            "name": "Back"
          },
          "width": 46,
          "height": 20,
          "name": "Back",
          "x": 4,
          "y": 3
        }
      }
    ],
    "gridSettings": {
      "sx": 18,
      "sy": 18,
      "ox": 11,
      "oy": 15,
      "snapOnGrid": false
    }
  }
}