{
  "_fv": 24,
  "_type": "gui",
  "definition": {
    "type": 0,
    "width": 0,
    "height": 0,
    "inventoryOffsetX": 0,
    "inventoryOffsetY": 0,
    "renderBgLayer": true,
    "doesPauseGame": false,
    "components": [
      {
        "type": "button",
        "data": {
          "text": "Lightning",
          "onClick": {
            "name": "LM1"
          },
          "width": 72,
          "height": 20,
          "name": "Lightning",
          "x": 51,
          "y": 26
        }
      },
      {
        "type": "button",
        "data": {
          "text": "Light",
          "onClick": {
            "name": "LAM1"
          },
          "width": 51,
          "height": 20,
          "name": "Light",
          "x": 186,
          "y": 26
        }
      },
      {
        "type": "button",
        "data": {
          "text": "Darkness",
          "onClick": {
            "name": "DAM1"
          },
          "width": 67,
          "height": 20,
          "name": "Darkness",
          "x": 303,
          "y": 26
        }
      },
      {
        "type": "button",
        "data": {
          "text": "Spatial",
          "width": 61,
          "height": 20,
          "name": "Spatial",
          "x": 60,
          "y": 80
        }
      },
      {
        "type": "button",
        "data": {
          "text": "Fire",
          "onClick": {
            "name": "FM1"
          },
          "width": 46,
          "height": 20,
          "name": "Fire",
          "x": 186,
          "y": 80
        }
      },
      {
        "type": "button",
        "data": {
          "text": "Water",
          "onClick": {
            "name": "WM1"
          },
          "width": 51,
          "height": 20,
          "name": "Water",
          "x": 312,
          "y": 80
        }
      },
      {
        "type": "button",
        "data": {
          "text": "Earth",
          "onClick": {
            "name": "EM1"
          },
          "width": 51,
          "height": 20,
          "name": "Earth",
          "x": 60,
          "y": 134
        }
      },
      {
        "type": "button",
        "data": {
          "text": "Wind",
          "onClick": {
            "name": "DM1"
          },
          "width": 46,
          "height": 20,
          "name": "Wind",
          "x": 186,
          "y": 134
        }
      },
      {
        "type": "button",
        "data": {
          "text": "Mineral",
          "width": 61,
          "height": 20,
          "name": "Mineral",
          "x": 303,
          "y": 134
        }
      },
      {
        "type": "button",
        "data": {
          "text": "Spirit",
          "onClick": {
            "name": "SM1"
          },
          "width": 56,
          "height": 20,
          "name": "Spirit",
          "x": 60,
          "y": 188
        }
      },
      {
        "type": "button",
        "data": {
          "text": "Blood",
          "width": 51,
          "height": 20,
          "name": "Blood",
          "x": 186,
          "y": 188
        }
      },
      {
        "type": "button",
        "data": {
          "text": "Elemental",
          "width": 72,
          "height": 20,
          "name": "Elemental",
          "x": 294,
          "y": 188
        }
      },
      {
        "type": "button",
        "data": {
          "text": "Back",
          "onClick": {
            "name": "BMM1"
          },
          "width": 46,
          "height": 20,
          "name": "Back",
          "x": 4,
          "y": 3
        }
      }
    ],
    "gridSettings": {
      "sx": 18,
      "sy": 18,
      "ox": 11,
      "oy": 15,
      "snapOnGrid": false
    }
  }
}