{
  "_fv": 24,
  "_type": "overlay",
  "definition": {
    "priority": "NORMAL",
    "components": [
      {
        "type": "label",
        "data": {
          "text": "<VAR:integer:mana>/<VAR:integer:MaxMana>",
          "color": {
            "value": -16711681,
            "falpha": 0.0
          },
          "name": "<VAR:integer:mana>/<VAR:integer:MaxMana>",
          "x": 5,
          "y": 201
        }
      },
      {
        "type": "image",
        "data": {
          "image": "man.png",
          "use1Xscale": false,
          "name": "man.png",
          "x": -24,
          "y": -115
        }
      }
    ],
    "baseTexture": "",
    "overlayTarget": "Ingame",
    "gridSettings": {
      "sx": 18,
      "sy": 18,
      "ox": 11,
      "oy": 15,
      "snapOnGrid": false
    }
  }
}