{
  "_fv": 24,
  "_type": "gui",
  "definition": {
    "type": 0,
    "width": 0,
    "height": 0,
    "inventoryOffsetX": 0,
    "inventoryOffsetY": 0,
    "renderBgLayer": true,
    "doesPauseGame": false,
    "components": [
      {
        "type": "button",
        "data": {
          "text": "Human",
          "width": 51,
          "height": 20,
          "name": "Human",
          "x": 49,
          "y": 31
        }
      },
      {
        "type": "button",
        "data": {
          "text": "Elven",
          "width": 51,
          "height": 20,
          "name": "Elven",
          "x": 185,
          "y": 31
        }
      },
      {
        "type": "button",
        "data": {
          "text": "Dragon",
          "width": 56,
          "height": 20,
          "name": "Dragon",
          "x": 327,
          "y": 31
        }
      },
      {
        "type": "button",
        "data": {
          "text": "Demon",
          "width": 51,
          "height": 20,
          "name": "Demon",
          "x": 49,
          "y": 107
        }
      },
      {
        "type": "button",
        "data": {
          "text": "Angel",
          "width": 51,
          "height": 20,
          "name": "Angel",
          "x": 185,
          "y": 107
        }
      },
      {
        "type": "button",
        "data": {
          "text": "Merfolk",
          "width": 61,
          "height": 20,
          "name": "Merfolk",
          "x": 324,
          "y": 107
        }
      },
      {
        "type": "button",
        "data": {
          "text": "Beastman",
          "width": 67,
          "height": 20,
          "name": "Beastman",
          "x": 41,
          "y": 169
        }
      },
      {
        "type": "button",
        "data": {
          "text": "Nymph",
          "width": 51,
          "height": 20,
          "name": "Nymph",
          "x": 185,
          "y": 169
        }
      },
      {
        "type": "button",
        "data": {
          "text": "Golem",
          "width": 51,
          "height": 20,
          "name": "Golem",
          "x": 328,
          "y": 169
        }
      }
    ],
    "gridSettings": {
      "sx": 18,
      "sy": 18,
      "ox": 11,
      "oy": 15,
      "snapOnGrid": false
    }
  }
}