{
  "_fv": 24,
  "_type": "rangeditem",
  "definition": {
    "renderType": 0,
    "texture": "lightning",
    "customModelName": "Normal",
    "name": "Roar",
    "specialInfo": [],
    "creativeTab": {
      "value": "No creative tab entry"
    },
    "stackSize": 1,
    "ammoItem": {
      "value": ""
    },
    "shootConstantly": false,
    "usageCount": 100,
    "actionSound": {
      "value": "entity.evocation_illager.cast_spell"
    },
    "hasGlow": false,
    "animation": "none",
    "enableMeleeDamage": false,
    "damageVsEntity": 0.0,
    "onRangedItemUsed": {
      "name": "RoarRangedItemUsed"
    },
    "bulletPower": 0.5,
    "bulletDamage": 5.0,
    "bulletKnockback": 5,
    "bulletParticles": false,
    "bulletIgnitesFire": false,
    "bulletItemTexture": {
      "value": ""
    },
    "bulletModel": "Modelroar",
    "customBulletModelTexture": "roar.png",
    "onBulletFlyingTick": {
      "name": "RoarWhileProjectileFlyingTick"
    }
  }
}