{
  "_fv": 24,
  "_type": "gui",
  "definition": {
    "type": 0,
    "width": 0,
    "height": 0,
    "inventoryOffsetX": 0,
    "inventoryOffsetY": 0,
    "renderBgLayer": true,
    "doesPauseGame": false,
    "components": [
      {
        "type": "label",
        "data": {
          "text": "speed",
          "color": {
            "value": -16711732,
            "falpha": 0.0
          },
          "name": "speed",
          "x": 58,
          "y": 40
        }
      },
      {
        "type": "button",
        "data": {
          "text": ">",
          "onClick": {
            "name": "MagicSpeed1Up"
          },
          "width": 30,
          "height": 20,
          "name": ">",
          "x": 92,
          "y": 35
        }
      },
      {
        "type": "button",
        "data": {
          "text": "<",
          "onClick": {
            "name": "MagicSpeed1Down"
          },
          "displayCondition": {
            "name": "MagicSpeedLowTrue"
          },
          "width": 30,
          "height": 20,
          "name": "<",
          "x": 22,
          "y": 35
        }
      },
      {
        "type": "button",
        "data": {
          "text": "<",
          "onClick": {
            "name": "MagicDamage1Down"
          },
          "displayCondition": {
            "name": "MagicDamageLowTrue"
          },
          "width": 30,
          "height": 20,
          "name": "<",
          "x": 316,
          "y": 36
        }
      },
      {
        "type": "label",
        "data": {
          "text": "Damage",
          "color": {
            "value": -16711732,
            "falpha": 0.0
          },
          "name": "Damage",
          "x": 351,
          "y": 41
        }
      },
      {
        "type": "button",
        "data": {
          "text": ">",
          "onClick": {
            "name": "MagicDamage1Up"
          },
          "width": 30,
          "height": 20,
          "name": ">",
          "x": 387,
          "y": 37
        }
      },
      {
        "type": "button",
        "data": {
          "text": "<",
          "onClick": {
            "name": "MagicWidth1Down"
          },
          "displayCondition": {
            "name": "MagicWidthLowTrue"
          },
          "width": 30,
          "height": 20,
          "name": "<",
          "x": 88,
          "y": 107
        }
      },
      {
        "type": "button",
        "data": {
          "text": ">",
          "onClick": {
            "name": "MagicWidth1Up"
          },
          "width": 30,
          "height": 20,
          "name": ">",
          "x": 158,
          "y": 107
        }
      },
      {
        "type": "label",
        "data": {
          "text": "Width",
          "color": {
            "value": -16711732,
            "falpha": 0.0
          },
          "name": "Width",
          "x": 126,
          "y": 112
        }
      },
      {
        "type": "label",
        "data": {
          "text": "Length",
          "color": {
            "value": -16711732,
            "falpha": 0.0
          },
          "name": "Length",
          "x": 280,
          "y": 112
        }
      },
      {
        "type": "button",
        "data": {
          "text": "<",
          "onClick": {
            "name": "MagicLength1Down"
          },
          "displayCondition": {
            "name": "MagicLengthLowTrue"
          },
          "width": 30,
          "height": 20,
          "name": "<",
          "x": 242,
          "y": 107
        }
      },
      {
        "type": "button",
        "data": {
          "text": ">",
          "onClick": {
            "name": "MagicLength1Up"
          },
          "width": 30,
          "height": 20,
          "name": ">",
          "x": 323,
          "y": 107
        }
      },
      {
        "type": "label",
        "data": {
          "text": "Caution: Mana cost changes based on edits",
          "color": {
            "value": -65536,
            "falpha": 0.0
          },
          "name": "Caution: Mana cost changes based on edits",
          "x": 107,
          "y": 192
        }
      },
      {
        "type": "label",
        "data": {
          "text": "Spirit Manipulation Magic",
          "color": {
            "value": -16711732,
            "falpha": 0.0
          },
          "name": "Spirit Manipulation Magic",
          "x": 159,
          "y": 10
        }
      },
      {
        "type": "label",
        "data": {
          "text": "<VAR:integer:MagicDamage>",
          "color": {
            "value": -16711732,
            "falpha": 0.0
          },
          "name": "<VAR:integer:MagicDamage>",
          "x": 355,
          "y": 26
        }
      },
      {
        "type": "label",
        "data": {
          "text": "<VAR:integer:MagicThickness>",
          "color": {
            "value": -16711732,
            "falpha": 0.0
          },
          "name": "<VAR:integer:MagicThickness>",
          "x": 124,
          "y": 90
        }
      },
      {
        "type": "label",
        "data": {
          "text": "<VAR:integer:MagicLength>",
          "color": {
            "value": -16711732,
            "falpha": 0.0
          },
          "name": "<VAR:integer:MagicLength>",
          "x": 283,
          "y": 90
        }
      },
      {
        "type": "label",
        "data": {
          "text": "<VAR:integer:MagicSpeed>",
          "color": {
            "value": -16711732,
            "falpha": 0.0
          },
          "name": "<VAR:integer:MagicSpeed>",
          "x": 59,
          "y": 22
        }
      },
      {
        "type": "button",
        "data": {
          "text": "Back",
          "onClick": {
            "name": "SpiritBack"
          },
          "width": 46,
          "height": 20,
          "name": "Back",
          "x": 5,
          "y": 4
        }
      },
      {
        "type": "button",
        "data": {
          "text": ">",
          "onClick": {
            "name": "MagicOffset1Up"
          },
          "width": 30,
          "height": 20,
          "name": ">",
          "x": 241,
          "y": 155
        }
      },
      {
        "type": "button",
        "data": {
          "text": "<",
          "onClick": {
            "name": "MagicOffset1Down"
          },
          "displayCondition": {
            "name": "MagicOffsetLowTrue"
          },
          "width": 30,
          "height": 20,
          "name": "<",
          "x": 157,
          "y": 155
        }
      },
      {
        "type": "label",
        "data": {
          "text": "offset",
          "color": {
            "value": -16711732,
            "falpha": 0.0
          },
          "name": "offset",
          "x": 201,
          "y": 160
        }
      },
      {
        "type": "label",
        "data": {
          "text": "<VAR:integer:CastingOffset>",
          "color": {
            "value": -16711732,
            "falpha": 0.0
          },
          "name": "<VAR:integer:CastingOffset>",
          "x": 197,
          "y": 142
        }
      }
    ],
    "gridSettings": {
      "sx": 18,
      "sy": 18,
      "ox": 11,
      "oy": 15,
      "snapOnGrid": false
    }
  }
}