{
  "_fv": 24,
  "_type": "gui",
  "definition": {
    "type": 0,
    "width": 0,
    "height": 0,
    "inventoryOffsetX": 0,
    "inventoryOffsetY": 0,
    "renderBgLayer": true,
    "doesPauseGame": false,
    "components": [
      {
        "type": "button",
        "data": {
          "text": "Magic",
          "onClick": {
            "name": "MagicScreen"
          },
          "width": 51,
          "height": 20,
          "name": "Magic",
          "x": 325,
          "y": 78
        }
      },
      {
        "type": "button",
        "data": {
          "text": "Reset Immunity Key",
          "onClick": {
            "name": "Confirmimmunityresetscreen"
          },
          "width": 129,
          "height": 20,
          "name": "Reset Immunity Key",
          "x": 150,
          "y": 7
        }
      },
      {
        "type": "label",
        "data": {
          "text": "Caution, this resets global damage immunity and is basically",
          "color": {
            "value": -65536,
            "falpha": 0.0
          },
          "name": "Caution, this resets global damage immunity and is basically",
          "x": 59,
          "y": 28
        }
      },
      {
        "type": "label",
        "data": {
          "text": "A leave guild button.",
          "color": {
            "value": -65536,
            "falpha": 0.0
          },
          "name": "A leave guild button.",
          "x": 160,
          "y": 41
        }
      },
      {
        "type": "button",
        "data": {
          "text": "Guild",
          "onClick": {
            "name": "Guildbutton"
          },
          "width": 51,
          "height": 20,
          "name": "Guild",
          "x": 57,
          "y": 78
        }
      }
    ],
    "gridSettings": {
      "sx": 18,
      "sy": 18,
      "ox": 11,
      "oy": 15,
      "snapOnGrid": false
    }
  }
}