{
	"credit": "Made with Blockbench",
	"parent": "darkrepulsor",
	"textures": {
		"0": "Pictures/Camera Roll/blue",
		"1": "Pictures/Camera Roll/blueblack",
		"2": "Pictures/Camera Roll/stil",
		"particle": "Pictures/Camera Roll/blue"
	},
	"elements": [
		{
			"from": [6.98244, -13.01418, 7.57602],
			"to": [9.01757, -11.99072, 8.42398],
			"rotation": {"angle": 0, "axis": "x", "origin": [7.99992, 2.36492, 8.00024]},
			"faces": {
				"north": {"uv": [0, 0, 2.03512, 1.02346], "texture": "#2"},
				"east": {"uv": [0, 0, 0.84796, 1.02346], "texture": "#2"},
				"south": {"uv": [0, 0, 2.03512, 1.02346], "texture": "#2"},
				"west": {"uv": [0, 0, 0.84796, 1.02346], "texture": "#2"},
				"up": {"uv": [0, 0, 0.84796, 2.03512], "rotation": 90, "texture": "#2"},
				"down": {"uv": [0, 0, 0.84796, 2.03512], "rotation": 270, "texture": "#2"}
			}
		},
		{
			"from": [7.57602, -13.01418, 6.98244],
			"to": [8.42398, -11.99072, 9.01757],
			"rotation": {"angle": 0, "axis": "x", "origin": [7.99992, 2.36492, 8.00024]},
			"faces": {
				"north": {"uv": [0, 0, 0.84796, 1.02346], "texture": "#2"},
				"east": {"uv": [0, 0, 2.03512, 1.02346], "texture": "#2"},
				"south": {"uv": [0, 0, 0.84796, 1.02346], "texture": "#2"},
				"west": {"uv": [0, 0, 2.03512, 1.02346], "texture": "#2"},
				"up": {"uv": [0, 0, 0.84796, 2.03512], "texture": "#2"},
				"down": {"uv": [0, 0, 0.84796, 2.03512], "texture": "#2"}
			}
		},
		{
			"from": [7.57602, -13.01418, 6.98243],
			"to": [8.42398, -11.99072, 9.01756],
			"rotation": {"angle": 0, "axis": "x", "origin": [7.99992, 2.36492, 8.00024]},
			"faces": {
				"north": {"uv": [0, 0, 0.84796, 1.02346], "texture": "#2"},
				"east": {"uv": [0, 0, 2.03512, 1.02346], "texture": "#2"},
				"south": {"uv": [0, 0, 0.84796, 1.02346], "texture": "#2"},
				"west": {"uv": [0, 0, 2.03512, 1.02346], "texture": "#2"},
				"up": {"uv": [0, 0, 0.84796, 2.03512], "texture": "#2"},
				"down": {"uv": [0, 0, 0.84796, 2.03512], "texture": "#2"}
			}
		},
		{
			"from": [6.98244, -13.01418, 7.57602],
			"to": [9.01757, -11.99072, 8.42398],
			"rotation": {"angle": 0, "axis": "x", "origin": [7.99992, 2.36492, 8.00024]},
			"faces": {
				"north": {"uv": [0, 0, 2.03512, 1.02346], "texture": "#2"},
				"east": {"uv": [0, 0, 0.84796, 1.02346], "texture": "#2"},
				"south": {"uv": [0, 0, 2.03512, 1.02346], "texture": "#2"},
				"west": {"uv": [0, 0, 0.84796, 1.02346], "texture": "#2"},
				"up": {"uv": [0, 0, 0.84796, 2.03512], "rotation": 270, "texture": "#2"},
				"down": {"uv": [0, 0, 0.84796, 2.03512], "rotation": 90, "texture": "#2"}
			}
		},
		{
			"from": [7.3, -4.75871, 8.30527],
			"to": [7.7, -4.63871, 8.41927],
			"rotation": {"angle": 45, "axis": "x", "origin": [7.99992, 2.36492, 8.00024]},
			"faces": {
				"north": {"uv": [1, 0, 0, 0.3], "texture": "#2"},
				"east": {"uv": [0, 0.285, 0.3, 0], "rotation": 270, "texture": "#2"},
				"south": {"uv": [1, 0, 0, 0.3], "rotation": 180, "texture": "#2"},
				"west": {"uv": [0, 0.285, 0.3, 0], "rotation": 90, "texture": "#2"},
				"up": {"uv": [0, 0.285, 1, 0], "rotation": 180, "texture": "#2"},
				"down": {"uv": [0, 0.285, 1, 0], "texture": "#2"}
			}
		},
		{
			"from": [8.3, -4.75871, 8.30527],
			"to": [8.7, -4.63871, 8.41927],
			"rotation": {"angle": 45, "axis": "x", "origin": [7.99992, 2.36492, 8.00024]},
			"faces": {
				"north": {"uv": [1, 0, 0, 0.3], "texture": "#2"},
				"east": {"uv": [0, 0.285, 0.3, 0], "rotation": 270, "texture": "#2"},
				"south": {"uv": [1, 0, 0, 0.3], "rotation": 180, "texture": "#2"},
				"west": {"uv": [0, 0.285, 0.3, 0], "rotation": 90, "texture": "#2"},
				"up": {"uv": [0, 0.285, 1, 0], "rotation": 180, "texture": "#2"},
				"down": {"uv": [0, 0.285, 1, 0], "texture": "#2"}
			}
		},
		{
			"from": [8.3, 1.94555, 15.00353],
			"to": [8.7, 2.05955, 15.12353],
			"rotation": {"angle": 45, "axis": "x", "origin": [7.99992, 2.36492, 8.00024]},
			"faces": {
				"north": {"uv": [0, 0, 1, 0.285], "texture": "#2"},
				"east": {"uv": [0, 0, 0.3, 0.285], "texture": "#2"},
				"south": {"uv": [0, 0, 1, 0.285], "texture": "#2"},
				"west": {"uv": [0, 0, 0.3, 0.285], "texture": "#2"},
				"up": {"uv": [0, 0, 1, 0.3], "texture": "#2"},
				"down": {"uv": [0, 0, 1, 0.3], "texture": "#2"}
			}
		},
		{
			"from": [7.3, 1.94555, 15.00353],
			"to": [7.7, 2.05955, 15.12353],
			"rotation": {"angle": 45, "axis": "x", "origin": [7.99992, 2.36492, 8.00024]},
			"faces": {
				"north": {"uv": [0, 0, 1, 0.285], "texture": "#2"},
				"east": {"uv": [0, 0, 0.3, 0.285], "texture": "#2"},
				"south": {"uv": [0, 0, 1, 0.285], "texture": "#2"},
				"west": {"uv": [0, 0, 0.3, 0.285], "texture": "#2"},
				"up": {"uv": [0, 0, 1, 0.3], "texture": "#2"},
				"down": {"uv": [0, 0, 1, 0.3], "texture": "#2"}
			}
		},
		{
			"from": [7.3, -4.37496, 5.66336],
			"to": [7.7, -4.16496, 5.95336],
			"rotation": {"angle": 22.5, "axis": "x", "origin": [7.99992, 2.36492, 8.00024]},
			"faces": {
				"north": {"uv": [1, 0, 0, 0.525], "texture": "#2"},
				"east": {"uv": [0, 0.725, 0.525, 0], "rotation": 270, "texture": "#2"},
				"south": {"uv": [1, 0, 0, 0.525], "rotation": 180, "texture": "#2"},
				"west": {"uv": [0, 0.725, 0.525, 0], "rotation": 90, "texture": "#2"},
				"up": {"uv": [0, 0.725, 1, 0], "rotation": 180, "texture": "#2"},
				"down": {"uv": [0, 0.725, 1, 0], "texture": "#2"}
			}
		},
		{
			"from": [8.3, -4.37496, 5.66336],
			"to": [8.7, -4.16496, 5.95336],
			"rotation": {"angle": 22.5, "axis": "x", "origin": [7.99992, 2.36492, 8.00024]},
			"faces": {
				"north": {"uv": [1, 0, 0, 0.525], "texture": "#2"},
				"east": {"uv": [0, 0.725, 0.525, 0], "rotation": 270, "texture": "#2"},
				"south": {"uv": [1, 0, 0, 0.525], "rotation": 180, "texture": "#2"},
				"west": {"uv": [0, 0.725, 0.525, 0], "rotation": 90, "texture": "#2"},
				"up": {"uv": [0, 0.725, 1, 0], "rotation": 180, "texture": "#2"},
				"down": {"uv": [0, 0.725, 1, 0], "texture": "#2"}
			}
		},
		{
			"from": [8.3, -4.37478, 10.04667],
			"to": [8.7, -4.16478, 10.33667],
			"rotation": {"angle": -22.5, "axis": "x", "origin": [7.99992, 2.36492, 8.00024]},
			"faces": {
				"north": {"uv": [0, 0, 1, 0.525], "rotation": 180, "texture": "#2"},
				"east": {"uv": [0, 0, 0.525, 0.725], "rotation": 270, "texture": "#2"},
				"south": {"uv": [0, 0, 1, 0.525], "texture": "#2"},
				"west": {"uv": [0, 0, 0.525, 0.725], "rotation": 90, "texture": "#2"},
				"up": {"uv": [0, 0, 1, 0.725], "rotation": 180, "texture": "#2"},
				"down": {"uv": [0, 0, 1, 0.725], "texture": "#2"}
			}
		},
		{
			"from": [7.3, -4.37478, 10.04667],
			"to": [7.7, -4.16478, 10.33667],
			"rotation": {"angle": -22.5, "axis": "x", "origin": [7.99992, 2.36492, 8.00024]},
			"faces": {
				"north": {"uv": [0, 0, 1, 0.525], "rotation": 180, "texture": "#2"},
				"east": {"uv": [0, 0, 0.525, 0.725], "rotation": 270, "texture": "#2"},
				"south": {"uv": [0, 0, 1, 0.525], "texture": "#2"},
				"west": {"uv": [0, 0, 0.525, 0.725], "rotation": 90, "texture": "#2"},
				"up": {"uv": [0, 0, 1, 0.725], "rotation": 180, "texture": "#2"},
				"down": {"uv": [0, 0, 1, 0.725], "texture": "#2"}
			}
		},
		{
			"from": [7.3, -0.80702, 1.64474],
			"to": [7.7, -0.59702, 1.93474],
			"rotation": {"angle": -22.5, "axis": "x", "origin": [7.99992, 2.36492, 8.00024]},
			"faces": {
				"north": {"uv": [1, 1, 0, 1.525], "texture": "#2"},
				"east": {"uv": [1, 0.725, 1.525, 0], "rotation": 270, "texture": "#2"},
				"south": {"uv": [1, 1, 0, 1.525], "rotation": 180, "texture": "#2"},
				"west": {"uv": [1, 0.725, 1.525, 0], "rotation": 90, "texture": "#2"},
				"up": {"uv": [0, 1.725, 1, 1], "texture": "#2"},
				"down": {"uv": [0, 1.725, 1, 1], "rotation": 180, "texture": "#2"}
			}
		},
		{
			"from": [8.3, -0.80702, 1.64474],
			"to": [8.7, -0.59702, 1.93474],
			"rotation": {"angle": -22.5, "axis": "x", "origin": [7.99992, 2.36492, 8.00024]},
			"faces": {
				"north": {"uv": [1, 1, 0, 1.525], "texture": "#2"},
				"east": {"uv": [1, 0.725, 1.525, 0], "rotation": 270, "texture": "#2"},
				"south": {"uv": [1, 1, 0, 1.525], "rotation": 180, "texture": "#2"},
				"west": {"uv": [1, 0.725, 1.525, 0], "rotation": 90, "texture": "#2"},
				"up": {"uv": [0, 1.725, 1, 1], "texture": "#2"},
				"down": {"uv": [0, 1.725, 1, 1], "rotation": 180, "texture": "#2"}
			}
		},
		{
			"from": [8.3, -0.80721, 14.0653],
			"to": [8.7, -0.59721, 14.3553],
			"rotation": {"angle": 22.5, "axis": "x", "origin": [7.99992, 2.36492, 8.00024]},
			"faces": {
				"north": {"uv": [0, 1, 1, 1.525], "rotation": 180, "texture": "#2"},
				"east": {"uv": [1, 0, 1.525, 0.725], "rotation": 270, "texture": "#2"},
				"south": {"uv": [0, 1, 1, 1.525], "texture": "#2"},
				"west": {"uv": [1, 0, 1.525, 0.725], "rotation": 90, "texture": "#2"},
				"up": {"uv": [0, 1, 1, 1.725], "texture": "#2"},
				"down": {"uv": [0, 1, 1, 1.725], "rotation": 180, "texture": "#2"}
			}
		},
		{
			"from": [7.3, -0.80721, 14.0653],
			"to": [7.7, -0.59721, 14.3553],
			"rotation": {"angle": 22.5, "axis": "x", "origin": [7.99992, 2.36492, 8.00024]},
			"faces": {
				"north": {"uv": [0, 1, 1, 1.525], "rotation": 180, "texture": "#2"},
				"east": {"uv": [1, 0, 1.525, 0.725], "rotation": 270, "texture": "#2"},
				"south": {"uv": [0, 1, 1, 1.525], "texture": "#2"},
				"west": {"uv": [1, 0, 1.525, 0.725], "rotation": 90, "texture": "#2"},
				"up": {"uv": [0, 1, 1, 1.725], "texture": "#2"},
				"down": {"uv": [0, 1, 1, 1.725], "rotation": 180, "texture": "#2"}
			}
		},
		{
			"from": [7.3, -1.09702, 1.93474],
			"to": [7.7, -0.59702, 2.65474],
			"rotation": {"angle": -22.5, "axis": "x", "origin": [7.99992, 2.36492, 8.00024]},
			"faces": {
				"north": {"uv": [1, 1, 0, 2.25], "texture": "#2"},
				"east": {"uv": [1, 1.8, 2.25, 0], "rotation": 270, "texture": "#2"},
				"south": {"uv": [1, 1, 0, 2.25], "rotation": 180, "texture": "#2"},
				"west": {"uv": [1, 1.8, 2.25, 0], "rotation": 90, "texture": "#2"},
				"up": {"uv": [0, 2.8, 1, 1], "texture": "#2"},
				"down": {"uv": [0, 2.8, 1, 1], "rotation": 180, "texture": "#2"}
			}
		},
		{
			"from": [8.3, -1.09702, 1.93474],
			"to": [8.7, -0.59702, 2.65474],
			"rotation": {"angle": -22.5, "axis": "x", "origin": [7.99992, 2.36492, 8.00024]},
			"faces": {
				"north": {"uv": [1, 1, 0, 2.25], "texture": "#2"},
				"east": {"uv": [1, 1.8, 2.25, 0], "rotation": 270, "texture": "#2"},
				"south": {"uv": [1, 1, 0, 2.25], "rotation": 180, "texture": "#2"},
				"west": {"uv": [1, 1.8, 2.25, 0], "rotation": 90, "texture": "#2"},
				"up": {"uv": [0, 2.8, 1, 1], "texture": "#2"},
				"down": {"uv": [0, 2.8, 1, 1], "rotation": 180, "texture": "#2"}
			}
		},
		{
			"from": [8.3, -1.09721, 13.3453],
			"to": [8.7, -0.59721, 14.0653],
			"rotation": {"angle": 22.5, "axis": "x", "origin": [7.99992, 2.36492, 8.00024]},
			"faces": {
				"north": {"uv": [0, 1, 1, 2.25], "rotation": 180, "texture": "#2"},
				"east": {"uv": [1, 0, 2.25, 1.8], "rotation": 270, "texture": "#2"},
				"south": {"uv": [0, 1, 1, 2.25], "texture": "#2"},
				"west": {"uv": [1, 0, 2.25, 1.8], "rotation": 90, "texture": "#2"},
				"up": {"uv": [0, 1, 1, 2.8], "texture": "#2"},
				"down": {"uv": [0, 1, 1, 2.8], "rotation": 180, "texture": "#2"}
			}
		},
		{
			"from": [7.3, -1.09721, 13.3453],
			"to": [7.7, -0.59721, 14.0653],
			"rotation": {"angle": 22.5, "axis": "x", "origin": [7.99992, 2.36492, 8.00024]},
			"faces": {
				"north": {"uv": [0, 1, 1, 2.25], "rotation": 180, "texture": "#2"},
				"east": {"uv": [1, 0, 2.25, 1.8], "rotation": 270, "texture": "#2"},
				"south": {"uv": [0, 1, 1, 2.25], "texture": "#2"},
				"west": {"uv": [1, 0, 2.25, 1.8], "rotation": 90, "texture": "#2"},
				"up": {"uv": [0, 1, 1, 2.8], "texture": "#2"},
				"down": {"uv": [0, 1, 1, 2.8], "rotation": 180, "texture": "#2"}
			}
		},
		{
			"from": [7.3, -4.37496, 5.95336],
			"to": [7.7, -3.87496, 6.67336],
			"rotation": {"angle": 22.5, "axis": "x", "origin": [7.99992, 2.36492, 8.00024]},
			"faces": {
				"north": {"uv": [1, 0, 0, 1.25], "texture": "#2"},
				"east": {"uv": [0, 1.8, 1.25, 0], "rotation": 270, "texture": "#2"},
				"south": {"uv": [1, 0, 0, 1.25], "rotation": 180, "texture": "#2"},
				"west": {"uv": [0, 1.8, 1.25, 0], "rotation": 90, "texture": "#2"},
				"up": {"uv": [0, 1.8, 1, 0], "rotation": 180, "texture": "#2"},
				"down": {"uv": [0, 1.8, 1, 0], "texture": "#2"}
			}
		},
		{
			"from": [8.3, -4.37496, 5.95336],
			"to": [8.7, -3.87496, 6.67336],
			"rotation": {"angle": 22.5, "axis": "x", "origin": [7.99992, 2.36492, 8.00024]},
			"faces": {
				"north": {"uv": [1, 0, 0, 1.25], "texture": "#2"},
				"east": {"uv": [0, 1.8, 1.25, 0], "rotation": 270, "texture": "#2"},
				"south": {"uv": [1, 0, 0, 1.25], "rotation": 180, "texture": "#2"},
				"west": {"uv": [0, 1.8, 1.25, 0], "rotation": 90, "texture": "#2"},
				"up": {"uv": [0, 1.8, 1, 0], "rotation": 180, "texture": "#2"},
				"down": {"uv": [0, 1.8, 1, 0], "texture": "#2"}
			}
		},
		{
			"from": [8.3, -4.37478, 9.32667],
			"to": [8.7, -3.87478, 10.04667],
			"rotation": {"angle": -22.5, "axis": "x", "origin": [7.99992, 2.36492, 8.00024]},
			"faces": {
				"north": {"uv": [0, 0, 1, 1.25], "rotation": 180, "texture": "#2"},
				"east": {"uv": [0, 0, 1.25, 1.8], "rotation": 270, "texture": "#2"},
				"south": {"uv": [0, 0, 1, 1.25], "texture": "#2"},
				"west": {"uv": [0, 0, 1.25, 1.8], "rotation": 90, "texture": "#2"},
				"up": {"uv": [0, 0, 1, 1.8], "rotation": 180, "texture": "#2"},
				"down": {"uv": [0, 0, 1, 1.8], "texture": "#2"}
			}
		},
		{
			"from": [7.3, -4.37478, 9.32667],
			"to": [7.7, -3.87478, 10.04667],
			"rotation": {"angle": -22.5, "axis": "x", "origin": [7.99992, 2.36492, 8.00024]},
			"faces": {
				"north": {"uv": [0, 0, 1, 1.25], "rotation": 180, "texture": "#2"},
				"east": {"uv": [0, 0, 1.25, 1.8], "rotation": 270, "texture": "#2"},
				"south": {"uv": [0, 0, 1, 1.25], "texture": "#2"},
				"west": {"uv": [0, 0, 1.25, 1.8], "rotation": 90, "texture": "#2"},
				"up": {"uv": [0, 0, 1, 1.8], "rotation": 180, "texture": "#2"},
				"down": {"uv": [0, 0, 1, 1.8], "texture": "#2"}
			}
		},
		{
			"from": [7.8172, -5.44022, 7.49611],
			"to": [8.1828, -5.03654, 7.87961],
			"rotation": {"angle": 45, "axis": "x", "origin": [7.99992, 2.36492, 8.00024]},
			"faces": {
				"north": {"uv": [1, 0, 0, 0.3], "texture": "#2"},
				"east": {"uv": [0, 0.285, 0.3, 0], "rotation": 270, "texture": "#2"},
				"south": {"uv": [1, 0, 0, 0.3], "rotation": 180, "texture": "#2"},
				"west": {"uv": [0, 0.285, 0.3, 0], "rotation": 90, "texture": "#2"},
				"up": {"uv": [0, 0.285, 1, 0], "rotation": 180, "texture": "#2"},
				"down": {"uv": [0, 0.285, 1, 0], "texture": "#2"}
			}
		},
		{
			"from": [7.8172, 2.48522, 15.40136],
			"to": [8.1828, 2.86872, 15.80504],
			"rotation": {"angle": 45, "axis": "x", "origin": [7.99992, 2.36492, 8.00024]},
			"faces": {
				"north": {"uv": [0, 0, 1, 0.285], "texture": "#2"},
				"east": {"uv": [0, 0, 0.3, 0.285], "texture": "#2"},
				"south": {"uv": [0, 0, 1, 0.285], "texture": "#2"},
				"west": {"uv": [0, 0, 0.3, 0.285], "texture": "#2"},
				"up": {"uv": [0, 0, 1, 0.3], "texture": "#2"},
				"down": {"uv": [0, 0, 1, 0.3], "texture": "#2"}
			}
		},
		{
			"from": [7.8172, -4.7937, 4.90891],
			"to": [8.1828, -4.08726, 5.88447],
			"rotation": {"angle": 22.5, "axis": "x", "origin": [7.99992, 2.36492, 8.00024]},
			"faces": {
				"north": {"uv": [1, 0, 0, 0.525], "texture": "#2"},
				"east": {"uv": [0, 0.725, 0.525, 0], "rotation": 270, "texture": "#2"},
				"south": {"uv": [1, 0, 0, 0.525], "rotation": 180, "texture": "#2"},
				"west": {"uv": [0, 0.725, 0.525, 0], "rotation": 90, "texture": "#2"},
				"up": {"uv": [0, 0.725, 1, 0], "rotation": 180, "texture": "#2"},
				"down": {"uv": [0, 0.725, 1, 0], "texture": "#2"}
			}
		},
		{
			"from": [7.8172, -4.79352, 10.11557],
			"to": [8.1828, -4.08708, 11.09113],
			"rotation": {"angle": -22.5, "axis": "x", "origin": [7.99992, 2.36492, 8.00024]},
			"faces": {
				"north": {"uv": [0, 0, 1, 0.525], "rotation": 180, "texture": "#2"},
				"east": {"uv": [0, 0, 0.525, 0.725], "rotation": 270, "texture": "#2"},
				"south": {"uv": [0, 0, 1, 0.525], "texture": "#2"},
				"west": {"uv": [0, 0, 0.525, 0.725], "rotation": 90, "texture": "#2"},
				"up": {"uv": [0, 0, 1, 0.725], "rotation": 180, "texture": "#2"},
				"down": {"uv": [0, 0, 1, 0.725], "texture": "#2"}
			}
		},
		{
			"from": [7.8172, -0.70804, 0.96346],
			"to": [8.1828, -0.0016, 1.93902],
			"rotation": {"angle": -22.5, "axis": "x", "origin": [7.99992, 2.36492, 8.00024]},
			"faces": {
				"north": {"uv": [1, 1, 0, 1.525], "texture": "#2"},
				"east": {"uv": [1, 0.725, 1.525, 0], "rotation": 270, "texture": "#2"},
				"south": {"uv": [1, 1, 0, 1.525], "rotation": 180, "texture": "#2"},
				"west": {"uv": [1, 0.725, 1.525, 0], "rotation": 90, "texture": "#2"},
				"up": {"uv": [0, 1.725, 1, 1], "texture": "#2"},
				"down": {"uv": [0, 1.725, 1, 1], "rotation": 180, "texture": "#2"}
			}
		},
		{
			"from": [7.8172, -0.70822, 14.06101],
			"to": [8.1828, -0.00178, 15.03657],
			"rotation": {"angle": 22.5, "axis": "x", "origin": [7.99992, 2.36492, 8.00024]},
			"faces": {
				"north": {"uv": [0, 1, 1, 1.525], "rotation": 180, "texture": "#2"},
				"east": {"uv": [1, 0, 1.525, 0.725], "rotation": 270, "texture": "#2"},
				"south": {"uv": [0, 1, 1, 1.525], "texture": "#2"},
				"west": {"uv": [1, 0, 1.525, 0.725], "rotation": 90, "texture": "#2"},
				"up": {"uv": [0, 1, 1, 1.725], "texture": "#2"},
				"down": {"uv": [0, 1, 1, 1.725], "rotation": 180, "texture": "#2"}
			}
		},
		{
			"from": [7.8172, -1.6836, 1.93902],
			"to": [8.1828, -0.0016, 4.3611],
			"rotation": {"angle": -22.5, "axis": "x", "origin": [7.99992, 2.36492, 8.00024]},
			"faces": {
				"north": {"uv": [1, 1, 0, 2.25], "texture": "#2"},
				"east": {"uv": [1, 1.8, 2.25, 0], "rotation": 270, "texture": "#2"},
				"south": {"uv": [1, 1, 0, 2.25], "rotation": 180, "texture": "#2"},
				"west": {"uv": [1, 1.8, 2.25, 0], "rotation": 90, "texture": "#2"},
				"up": {"uv": [0, 2.8, 1, 1], "texture": "#2"},
				"down": {"uv": [0, 2.8, 1, 1], "rotation": 180, "texture": "#2"}
			}
		},
		{
			"from": [7.8172, -1.68378, 11.63893],
			"to": [8.1828, -0.00178, 14.06101],
			"rotation": {"angle": 22.5, "axis": "x", "origin": [7.99992, 2.36492, 8.00024]},
			"faces": {
				"north": {"uv": [0, 1, 1, 2.25], "rotation": 180, "texture": "#2"},
				"east": {"uv": [1, 0, 2.25, 1.8], "rotation": 270, "texture": "#2"},
				"south": {"uv": [0, 1, 1, 2.25], "texture": "#2"},
				"west": {"uv": [1, 0, 2.25, 1.8], "rotation": 90, "texture": "#2"},
				"up": {"uv": [0, 1, 1, 2.8], "texture": "#2"},
				"down": {"uv": [0, 1, 1, 2.8], "rotation": 180, "texture": "#2"}
			}
		},
		{
			"from": [7.8172, -4.7937, 5.88447],
			"to": [8.1828, -3.1117, 8.30655],
			"rotation": {"angle": 22.5, "axis": "x", "origin": [7.99992, 2.36492, 8.00024]},
			"faces": {
				"north": {"uv": [1, 0, 0, 1.25], "texture": "#2"},
				"east": {"uv": [0, 1.8, 1.25, 0], "rotation": 270, "texture": "#2"},
				"south": {"uv": [1, 0, 0, 1.25], "rotation": 180, "texture": "#2"},
				"west": {"uv": [0, 1.8, 1.25, 0], "rotation": 90, "texture": "#2"},
				"up": {"uv": [0, 1.8, 1, 0], "rotation": 180, "texture": "#2"},
				"down": {"uv": [0, 1.8, 1, 0], "texture": "#2"}
			}
		},
		{
			"from": [7.8172, -4.79352, 7.69349],
			"to": [8.1828, -3.11152, 10.11557],
			"rotation": {"angle": -22.5, "axis": "x", "origin": [7.99992, 2.36492, 8.00024]},
			"faces": {
				"north": {"uv": [0, 0, 1, 1.25], "rotation": 180, "texture": "#2"},
				"east": {"uv": [0, 0, 1.25, 1.8], "rotation": 270, "texture": "#2"},
				"south": {"uv": [0, 0, 1, 1.25], "texture": "#2"},
				"west": {"uv": [0, 0, 1.25, 1.8], "rotation": 90, "texture": "#2"},
				"up": {"uv": [0, 0, 1, 1.8], "rotation": 180, "texture": "#2"},
				"down": {"uv": [0, 0, 1, 1.8], "texture": "#2"}
			}
		},
		{
			"from": [7.67, -5.23706, 7.72432],
			"to": [8.33, -4.88906, 8.05492],
			"rotation": {"angle": 45, "axis": "x", "origin": [7.99992, 2.36492, 8.00024]},
			"faces": {
				"north": {"uv": [1, 0, 0, 0.3], "texture": "#0"},
				"east": {"uv": [0, 0.285, 0.3, 0], "rotation": 270, "texture": "#0"},
				"south": {"uv": [1, 0, 0, 0.3], "rotation": 180, "texture": "#0"},
				"west": {"uv": [0, 0.285, 0.3, 0], "rotation": 90, "texture": "#0"},
				"up": {"uv": [0, 0.285, 1, 0], "rotation": 180, "texture": "#0"},
				"down": {"uv": [0, 0.285, 1, 0], "texture": "#0"}
			}
		},
		{
			"from": [7.67, 2.3099, 15.25388],
			"to": [8.33, 2.6405, 15.60188],
			"rotation": {"angle": 45, "axis": "x", "origin": [7.99992, 2.36492, 8.00024]},
			"faces": {
				"north": {"uv": [0, 0, 1, 0.285], "texture": "#0"},
				"east": {"uv": [0, 0, 0.3, 0.285], "texture": "#0"},
				"south": {"uv": [0, 0, 1, 0.285], "texture": "#0"},
				"west": {"uv": [0, 0, 0.3, 0.285], "texture": "#0"},
				"up": {"uv": [0, 0, 1, 0.3], "texture": "#0"},
				"down": {"uv": [0, 0, 1, 0.3], "texture": "#0"}
			}
		},
		{
			"from": [7.67, -4.67396, 5.14766],
			"to": [8.33, -4.06496, 5.98866],
			"rotation": {"angle": 22.5, "axis": "x", "origin": [7.99992, 2.36492, 8.00024]},
			"faces": {
				"north": {"uv": [1, 0, 0, 0.525], "texture": "#0"},
				"east": {"uv": [0, 0.725, 0.525, 0], "rotation": 270, "texture": "#0"},
				"south": {"uv": [1, 0, 0, 0.525], "rotation": 180, "texture": "#0"},
				"west": {"uv": [0, 0.725, 0.525, 0], "rotation": 90, "texture": "#0"},
				"up": {"uv": [0, 0.725, 1, 0], "rotation": 180, "texture": "#0"},
				"down": {"uv": [0, 0.725, 1, 0], "texture": "#0"}
			}
		},
		{
			"from": [7.67, -4.67378, 10.01138],
			"to": [8.33, -4.06478, 10.85238],
			"rotation": {"angle": -22.5, "axis": "x", "origin": [7.99992, 2.36492, 8.00024]},
			"faces": {
				"north": {"uv": [0, 0, 1, 0.525], "rotation": 180, "texture": "#0"},
				"east": {"uv": [0, 0, 0.525, 0.725], "rotation": 270, "texture": "#0"},
				"south": {"uv": [0, 0, 1, 0.525], "texture": "#0"},
				"west": {"uv": [0, 0, 0.525, 0.725], "rotation": 90, "texture": "#0"},
				"up": {"uv": [0, 0, 1, 0.725], "rotation": 180, "texture": "#0"},
				"down": {"uv": [0, 0, 1, 0.725], "texture": "#0"}
			}
		},
		{
			"from": [7.67, -0.76503, 1.18785],
			"to": [8.33, -0.15603, 2.02885],
			"rotation": {"angle": -22.5, "axis": "x", "origin": [7.99992, 2.36492, 8.00024]},
			"faces": {
				"north": {"uv": [1, 1, 0, 1.525], "texture": "#0"},
				"east": {"uv": [1, 0.725, 1.525, 0], "rotation": 270, "texture": "#0"},
				"south": {"uv": [1, 1, 0, 1.525], "rotation": 180, "texture": "#0"},
				"west": {"uv": [1, 0.725, 1.525, 0], "rotation": 90, "texture": "#0"},
				"up": {"uv": [0, 1.725, 1, 1], "texture": "#0"},
				"down": {"uv": [0, 1.725, 1, 1], "rotation": 180, "texture": "#0"}
			}
		},
		{
			"from": [7.67, -0.76521, 13.97119],
			"to": [8.33, -0.15621, 14.81219],
			"rotation": {"angle": 22.5, "axis": "x", "origin": [7.99992, 2.36492, 8.00024]},
			"faces": {
				"north": {"uv": [0, 1, 1, 1.525], "rotation": 180, "texture": "#0"},
				"east": {"uv": [1, 0, 1.525, 0.725], "rotation": 270, "texture": "#0"},
				"south": {"uv": [0, 1, 1, 1.525], "texture": "#0"},
				"west": {"uv": [1, 0, 1.525, 0.725], "rotation": 90, "texture": "#0"},
				"up": {"uv": [0, 1, 1, 1.725], "texture": "#0"},
				"down": {"uv": [0, 1, 1, 1.725], "rotation": 180, "texture": "#0"}
			}
		},
		{
			"from": [7.67, -1.60603, 2.02885],
			"to": [8.33, -0.15603, 4.11685],
			"rotation": {"angle": -22.5, "axis": "x", "origin": [7.99992, 2.36492, 8.00024]},
			"faces": {
				"north": {"uv": [1, 1, 0, 2.25], "texture": "#0"},
				"east": {"uv": [1, 1.8, 2.25, 0], "rotation": 270, "texture": "#0"},
				"south": {"uv": [1, 1, 0, 2.25], "rotation": 180, "texture": "#0"},
				"west": {"uv": [1, 1.8, 2.25, 0], "rotation": 90, "texture": "#0"},
				"up": {"uv": [0, 2.8, 1, 1], "texture": "#0"},
				"down": {"uv": [0, 2.8, 1, 1], "rotation": 180, "texture": "#0"}
			}
		},
		{
			"from": [7.67, -1.60621, 11.88319],
			"to": [8.33, -0.15621, 13.97119],
			"rotation": {"angle": 22.5, "axis": "x", "origin": [7.99992, 2.36492, 8.00024]},
			"faces": {
				"north": {"uv": [0, 1, 1, 2.25], "rotation": 180, "texture": "#0"},
				"east": {"uv": [1, 0, 2.25, 1.8], "rotation": 270, "texture": "#0"},
				"south": {"uv": [0, 1, 1, 2.25], "texture": "#0"},
				"west": {"uv": [1, 0, 2.25, 1.8], "rotation": 90, "texture": "#0"},
				"up": {"uv": [0, 1, 1, 2.8], "texture": "#0"},
				"down": {"uv": [0, 1, 1, 2.8], "rotation": 180, "texture": "#0"}
			}
		},
		{
			"from": [7.67, -4.67396, 5.98866],
			"to": [8.33, -3.22396, 8.07666],
			"rotation": {"angle": 22.5, "axis": "x", "origin": [7.99992, 2.36492, 8.00024]},
			"faces": {
				"north": {"uv": [1, 0, 0, 1.25], "texture": "#0"},
				"east": {"uv": [0, 1.8, 1.25, 0], "rotation": 270, "texture": "#0"},
				"south": {"uv": [1, 0, 0, 1.25], "rotation": 180, "texture": "#0"},
				"west": {"uv": [0, 1.8, 1.25, 0], "rotation": 90, "texture": "#0"},
				"up": {"uv": [0, 1.8, 1, 0], "rotation": 180, "texture": "#0"},
				"down": {"uv": [0, 1.8, 1, 0], "texture": "#0"}
			}
		},
		{
			"from": [7.67, -4.67378, 7.92338],
			"to": [8.33, -3.22378, 10.01138],
			"rotation": {"angle": -22.5, "axis": "x", "origin": [7.99992, 2.36492, 8.00024]},
			"faces": {
				"north": {"uv": [0, 0, 1, 1.25], "rotation": 180, "texture": "#0"},
				"east": {"uv": [0, 0, 1.25, 1.8], "rotation": 270, "texture": "#0"},
				"south": {"uv": [0, 0, 1, 1.25], "texture": "#0"},
				"west": {"uv": [0, 0, 1.25, 1.8], "rotation": 90, "texture": "#0"},
				"up": {"uv": [0, 0, 1, 1.8], "rotation": 180, "texture": "#0"},
				"down": {"uv": [0, 0, 1, 1.8], "texture": "#0"}
			}
		},
		{
			"from": [7.97813, -1.35313, 7.82422],
			"to": [8.82188, 11.03594, 8.17578],
			"rotation": {"angle": 0, "axis": "x", "origin": [7.99992, 2.36492, 8.00024]},
			"faces": {
				"north": {"uv": [0, 0, 3, 9.25], "texture": "#2"},
				"east": {"uv": [0, 0, 1.25, 9.25], "texture": "#2"},
				"south": {"uv": [0, 0, 3, 9.25], "texture": "#2"},
				"west": {"uv": [0, 0, 1.25, 9.25], "texture": "#2"},
				"up": {"uv": [0, 0, 1.25, 3], "rotation": 90, "texture": "#2"},
				"down": {"uv": [0, 0, 1.25, 3], "rotation": 270, "texture": "#2"}
			}
		},
		{
			"from": [8.22422, -1.35313, 7.57813],
			"to": [8.57578, 11.03594, 8.42188],
			"rotation": {"angle": 0, "axis": "x", "origin": [7.99992, 2.36492, 8.00024]},
			"faces": {
				"north": {"uv": [0, 0, 1.25, 9.25], "texture": "#2"},
				"east": {"uv": [0, 0, 3, 9.25], "texture": "#2"},
				"south": {"uv": [0, 0, 1.25, 9.25], "texture": "#2"},
				"west": {"uv": [0, 0, 3, 9.25], "texture": "#2"},
				"up": {"uv": [0, 0, 1.25, 3], "texture": "#2"},
				"down": {"uv": [0, 0, 1.25, 3], "texture": "#2"}
			}
		},
		{
			"from": [7.97813, -1.35313, 7.82422],
			"to": [8.82188, 11.03594, 8.17578],
			"rotation": {"angle": 0, "axis": "x", "origin": [7.99992, 2.36492, 8.00024]},
			"faces": {
				"north": {"uv": [0, 0, 3, 9.25], "texture": "#2"},
				"east": {"uv": [0, 0, 1.25, 9.25], "texture": "#2"},
				"south": {"uv": [0, 0, 3, 9.25], "texture": "#2"},
				"west": {"uv": [0, 0, 1.25, 9.25], "texture": "#2"},
				"up": {"uv": [0, 0, 1.25, 3], "rotation": 90, "texture": "#2"},
				"down": {"uv": [0, 0, 1.25, 3], "rotation": 270, "texture": "#2"}
			}
		},
		{
			"from": [8.22422, -1.35313, 7.57813],
			"to": [8.57578, 11.03594, 8.42188],
			"rotation": {"angle": 0, "axis": "x", "origin": [7.99992, 2.36492, 8.00024]},
			"faces": {
				"north": {"uv": [0, 0, 1.25, 9.25], "texture": "#2"},
				"east": {"uv": [0, 0, 3, 9.25], "texture": "#2"},
				"south": {"uv": [0, 0, 1.25, 9.25], "texture": "#2"},
				"west": {"uv": [0, 0, 3, 9.25], "texture": "#2"},
				"up": {"uv": [0, 0, 1.25, 3], "texture": "#2"},
				"down": {"uv": [0, 0, 1.25, 3], "texture": "#2"}
			}
		},
		{
			"from": [7.84815, 10.45185, 7.62422],
			"to": [8.48721, 11.30685, 7.97578],
			"rotation": {"angle": 0, "axis": "x", "origin": [7.99992, 2.36492, 8.00024]},
			"faces": {
				"north": {"uv": [0, 0, 3, 9.25], "rotation": 90, "texture": "#2"},
				"east": {"uv": [0, 0, 1.25, 3], "texture": "#2"},
				"south": {"uv": [0, 0, 3, 9.25], "rotation": 270, "texture": "#2"},
				"west": {"uv": [0, 0, 1.25, 3], "rotation": 180, "texture": "#2"},
				"up": {"uv": [1.25, 9.25, 0, 0], "rotation": 90, "texture": "#2"},
				"down": {"uv": [1.25, 9.25, 0, 0], "rotation": 90, "texture": "#2"}
			}
		},
		{
			"from": [7.84815, 10.45185, 8.02422],
			"to": [8.48721, 11.30685, 8.37578],
			"rotation": {"angle": 0, "axis": "x", "origin": [7.99992, 2.36492, 8.00024]},
			"faces": {
				"north": {"uv": [0, 0, 3, 9.25], "rotation": 90, "texture": "#2"},
				"east": {"uv": [0, 0, 1.25, 3], "texture": "#2"},
				"south": {"uv": [0, 0, 3, 9.25], "rotation": 270, "texture": "#2"},
				"west": {"uv": [0, 0, 1.25, 3], "rotation": 180, "texture": "#2"},
				"up": {"uv": [1.25, 9.25, 0, 0], "rotation": 90, "texture": "#2"},
				"down": {"uv": [1.25, 9.25, 0, 0], "rotation": 90, "texture": "#2"}
			}
		},
		{
			"from": [7.94815, 10.45185, 7.82422],
			"to": [8.58721, 11.30685, 8.17578],
			"rotation": {"angle": 0, "axis": "x", "origin": [7.99992, 2.36492, 8.00024]},
			"faces": {
				"north": {"uv": [0, 0, 3, 9.25], "rotation": 90, "texture": "#2"},
				"east": {"uv": [0, 0, 1.25, 3], "texture": "#2"},
				"south": {"uv": [0, 0, 3, 9.25], "rotation": 270, "texture": "#2"},
				"west": {"uv": [0, 0, 1.25, 3], "rotation": 180, "texture": "#2"},
				"up": {"uv": [1.25, 9.25, 0, 0], "rotation": 90, "texture": "#2"},
				"down": {"uv": [1.25, 9.25, 0, 0], "rotation": 90, "texture": "#2"}
			}
		},
		{
			"from": [7.51279, 10.45185, 7.62422],
			"to": [8.15185, 11.30685, 7.97578],
			"rotation": {"angle": 0, "axis": "x", "origin": [7.99992, 2.36492, 8.00024]},
			"faces": {
				"north": {"uv": [0, 0, 3, 9.25], "rotation": 270, "texture": "#2"},
				"east": {"uv": [0, 0, 1.25, 3], "rotation": 180, "texture": "#2"},
				"south": {"uv": [0, 0, 3, 9.25], "rotation": 90, "texture": "#2"},
				"west": {"uv": [0, 0, 1.25, 3], "texture": "#2"},
				"up": {"uv": [0, 0, 1.25, 9.25], "rotation": 90, "texture": "#2"},
				"down": {"uv": [0, 0, 1.25, 9.25], "rotation": 90, "texture": "#2"}
			}
		},
		{
			"from": [7.51279, 10.45185, 8.02422],
			"to": [8.15185, 11.30685, 8.37578],
			"rotation": {"angle": 0, "axis": "x", "origin": [7.99992, 2.36492, 8.00024]},
			"faces": {
				"north": {"uv": [0, 0, 3, 9.25], "rotation": 270, "texture": "#2"},
				"east": {"uv": [0, 0, 1.25, 3], "rotation": 180, "texture": "#2"},
				"south": {"uv": [0, 0, 3, 9.25], "rotation": 90, "texture": "#2"},
				"west": {"uv": [0, 0, 1.25, 3], "texture": "#2"},
				"up": {"uv": [0, 0, 1.25, 9.25], "rotation": 90, "texture": "#2"},
				"down": {"uv": [0, 0, 1.25, 9.25], "rotation": 90, "texture": "#2"}
			}
		},
		{
			"from": [7.41279, 10.45185, 7.82422],
			"to": [8.05185, 11.30685, 8.17578],
			"rotation": {"angle": 0, "axis": "x", "origin": [7.99992, 2.36492, 8.00024]},
			"faces": {
				"north": {"uv": [0, 0, 3, 9.25], "rotation": 270, "texture": "#2"},
				"east": {"uv": [0, 0, 1.25, 3], "rotation": 180, "texture": "#2"},
				"south": {"uv": [0, 0, 3, 9.25], "rotation": 90, "texture": "#2"},
				"west": {"uv": [0, 0, 1.25, 3], "texture": "#2"},
				"up": {"uv": [0, 0, 1.25, 9.25], "rotation": 90, "texture": "#2"},
				"down": {"uv": [0, 0, 1.25, 9.25], "rotation": 90, "texture": "#2"}
			}
		},
		{
			"from": [7.17813, -1.35313, 7.82422],
			"to": [8.02188, 11.03594, 8.17578],
			"rotation": {"angle": 0, "axis": "x", "origin": [7.99992, 2.36492, 8.00024]},
			"faces": {
				"north": {"uv": [0, 0, 3, 9.25], "texture": "#2"},
				"east": {"uv": [0, 0, 1.25, 9.25], "texture": "#2"},
				"south": {"uv": [0, 0, 3, 9.25], "texture": "#2"},
				"west": {"uv": [0, 0, 1.25, 9.25], "texture": "#2"},
				"up": {"uv": [0, 0, 1.25, 3], "rotation": 90, "texture": "#2"},
				"down": {"uv": [0, 0, 1.25, 3], "rotation": 270, "texture": "#2"}
			}
		},
		{
			"from": [7.42422, -1.35313, 7.57813],
			"to": [7.77578, 11.03594, 8.42188],
			"rotation": {"angle": 0, "axis": "x", "origin": [7.99992, 2.36492, 8.00024]},
			"faces": {
				"north": {"uv": [0, 0, 1.25, 9.25], "texture": "#2"},
				"east": {"uv": [0, 0, 3, 9.25], "texture": "#2"},
				"south": {"uv": [0, 0, 1.25, 9.25], "texture": "#2"},
				"west": {"uv": [0, 0, 3, 9.25], "texture": "#2"},
				"up": {"uv": [0, 0, 1.25, 3], "texture": "#2"},
				"down": {"uv": [0, 0, 1.25, 3], "texture": "#2"}
			}
		},
		{
			"from": [7.17813, -1.35313, 7.82422],
			"to": [8.02188, 11.03594, 8.17578],
			"rotation": {"angle": 0, "axis": "x", "origin": [7.99992, 2.36492, 8.00024]},
			"faces": {
				"north": {"uv": [0, 0, 3, 9.25], "texture": "#2"},
				"east": {"uv": [0, 0, 1.25, 9.25], "texture": "#2"},
				"south": {"uv": [0, 0, 3, 9.25], "texture": "#2"},
				"west": {"uv": [0, 0, 1.25, 9.25], "texture": "#2"},
				"up": {"uv": [0, 0, 1.25, 3], "rotation": 90, "texture": "#2"},
				"down": {"uv": [0, 0, 1.25, 3], "rotation": 270, "texture": "#2"}
			}
		},
		{
			"from": [7.42422, -1.35313, 7.57813],
			"to": [7.77578, 11.03594, 8.42188],
			"rotation": {"angle": 0, "axis": "x", "origin": [7.99992, 2.36492, 8.00024]},
			"faces": {
				"north": {"uv": [0, 0, 1.25, 9.25], "texture": "#2"},
				"east": {"uv": [0, 0, 3, 9.25], "texture": "#2"},
				"south": {"uv": [0, 0, 1.25, 9.25], "texture": "#2"},
				"west": {"uv": [0, 0, 3, 9.25], "texture": "#2"},
				"up": {"uv": [0, 0, 1.25, 3], "texture": "#2"},
				"down": {"uv": [0, 0, 1.25, 3], "texture": "#2"}
			}
		},
		{
			"from": [7.8172, 21.40639, -10.49402],
			"to": [8.1828, 22.95383, -9.14842],
			"rotation": {"angle": 45, "axis": "x", "origin": [7.99992, 2.36492, 8.00024]},
			"faces": {
				"north": {"uv": [0, 0, 1, 1.15], "rotation": 180, "texture": "#2"},
				"east": {"uv": [0, 0, 1.15, 1], "rotation": 90, "texture": "#2"},
				"south": {"uv": [0, 0, 1, 1.15], "texture": "#2"},
				"west": {"uv": [0, 0, 1.15, 1], "rotation": 270, "texture": "#2"},
				"up": {"uv": [0, 0, 1, 1], "texture": "#2"},
				"down": {"uv": [0, 0, 1, 1], "rotation": 180, "texture": "#2"}
			}
		},
		{
			"from": [7.67, 21.47221, -10.63536],
			"to": [8.33, 22.80621, -9.47536],
			"rotation": {"angle": 45, "axis": "x", "origin": [7.99992, 2.36492, 8.00024]},
			"faces": {
				"north": {"uv": [0, 0, 1, 1.15], "rotation": 180, "texture": "#0"},
				"east": {"uv": [0, 0, 1.15, 1], "rotation": 90, "texture": "#0"},
				"south": {"uv": [0, 0, 1, 1.15], "texture": "#0"},
				"west": {"uv": [0, 0, 1.15, 1], "rotation": 270, "texture": "#0"},
				"up": {"uv": [0, 0, 1, 1], "texture": "#0"},
				"down": {"uv": [0, 0, 1, 1], "rotation": 180, "texture": "#0"}
			}
		},
		{
			"from": [7.5, 21.55029, -10.77855],
			"to": [8.5, 22.70029, -9.77855],
			"rotation": {"angle": 45, "axis": "x", "origin": [7.99992, 2.36492, 8.00024]},
			"faces": {
				"north": {"uv": [0, 0, 1, 1.15], "rotation": 180, "texture": "#0"},
				"east": {"uv": [0, 0, 1.15, 1], "rotation": 90, "texture": "#0"},
				"south": {"uv": [0, 0, 1, 1.15], "texture": "#0"},
				"west": {"uv": [0, 0, 1.15, 1], "rotation": 270, "texture": "#0"},
				"up": {"uv": [0, 0, 1, 1], "texture": "#0"},
				"down": {"uv": [0, 0, 1, 1], "rotation": 180, "texture": "#0"}
			}
		},
		{
			"from": [7.8172, -2.21617, 9.93547],
			"to": [8.1828, 0.81143, 11.28107],
			"rotation": {"angle": 22.5, "axis": "x", "origin": [7.99992, 2.36492, 8.00024]},
			"faces": {
				"north": {"uv": [0, 0, 1, 2.25], "rotation": 180, "texture": "#2"},
				"east": {"uv": [0, 0, 2.25, 1], "rotation": 90, "texture": "#2"},
				"south": {"uv": [0, 0, 1, 2.25], "texture": "#2"},
				"west": {"uv": [0, 0, 2.25, 1], "rotation": 270, "texture": "#2"},
				"up": {"uv": [0, 0, 1, 1], "texture": "#2"},
				"down": {"uv": [0, 0, 1, 1], "rotation": 180, "texture": "#2"}
			}
		},
		{
			"from": [7.67, -1.96929, 9.82797],
			"to": [8.33, 0.64071, 10.98797],
			"rotation": {"angle": 22.5, "axis": "x", "origin": [7.99992, 2.36492, 8.00024]},
			"faces": {
				"north": {"uv": [0, 0, 1, 2.25], "rotation": 180, "texture": "#0"},
				"east": {"uv": [0, 0, 2.25, 1], "rotation": 90, "texture": "#0"},
				"south": {"uv": [0, 0, 1, 2.25], "texture": "#0"},
				"west": {"uv": [0, 0, 2.25, 1], "rotation": 270, "texture": "#0"},
				"up": {"uv": [0, 0, 1, 1], "texture": "#0"},
				"down": {"uv": [0, 0, 1, 1], "rotation": 180, "texture": "#0"}
			}
		},
		{
			"from": [7.5, -1.7286, 9.72377],
			"to": [8.5, 0.5214, 10.72377],
			"rotation": {"angle": 22.5, "axis": "x", "origin": [7.99992, 2.36492, 8.00024]},
			"faces": {
				"north": {"uv": [0, 0, 1, 2.25], "rotation": 180, "texture": "#0"},
				"east": {"uv": [0, 0, 2.25, 1], "rotation": 90, "texture": "#0"},
				"south": {"uv": [0, 0, 1, 2.25], "texture": "#0"},
				"west": {"uv": [0, 0, 2.25, 1], "rotation": 270, "texture": "#0"},
				"up": {"uv": [0, 0, 1, 1], "texture": "#0"},
				"down": {"uv": [0, 0, 1, 1], "rotation": 180, "texture": "#0"}
			}
		},
		{
			"from": [7.8172, 0.12268, 6.6544],
			"to": [8.1828, 31.18124, 9.3456],
			"rotation": {"angle": 0, "axis": "x", "origin": [7.99992, 2.36492, 8.00024]},
			"faces": {
				"north": {"uv": [0, 0, 1, 16], "texture": "#2"},
				"east": {"uv": [0, 0, 2, 16], "texture": "#2"},
				"south": {"uv": [0, 0, 1, 16], "texture": "#2"},
				"west": {"uv": [0, 0, 2, 16], "texture": "#2"},
				"up": {"uv": [0, 0, 1, 2], "texture": "#2"},
				"down": {"uv": [0, 0, 1, 2], "texture": "#2"}
			}
		},
		{
			"from": [7.67, 0.748, 6.84],
			"to": [8.33, 31.014, 9.16],
			"rotation": {"angle": 0, "axis": "x", "origin": [7.99992, 2.36492, 8.00024]},
			"faces": {
				"north": {"uv": [0, 0, 1, 16], "texture": "#0"},
				"east": {"uv": [0, 0, 2, 16], "texture": "#0"},
				"south": {"uv": [0, 0, 1, 16], "texture": "#0"},
				"west": {"uv": [0, 0, 2, 16], "texture": "#0"},
				"up": {"uv": [0, 0, 1, 2], "texture": "#0"},
				"down": {"uv": [0, 0, 1, 2], "texture": "#0"}
			}
		},
		{
			"from": [7.5, -2.325, 7],
			"to": [8.5, 30.9, 9],
			"rotation": {"angle": 0, "axis": "x", "origin": [7.99992, 2.36492, 8.00024]},
			"faces": {
				"north": {"uv": [0, 0, 1, 16], "texture": "#0"},
				"east": {"uv": [0, 0, 2, 16], "texture": "#0"},
				"south": {"uv": [0, 0, 1, 16], "texture": "#0"},
				"west": {"uv": [0, 0, 2, 16], "texture": "#0"},
				"up": {"uv": [0, 0, 1, 2], "texture": "#0"},
				"down": {"uv": [0, 0, 1, 2], "texture": "#0"}
			}
		},
		{
			"from": [7.3, -3.03, 9.5],
			"to": [7.7, -2.63, 11.175],
			"rotation": {"angle": 0, "axis": "x", "origin": [7.99992, 2.36492, 8.00024]},
			"faces": {
				"north": {"uv": [0.4, 0, 0, 0.4], "texture": "#2"},
				"east": {"uv": [1.175, 0, 0, 0.4], "texture": "#2"},
				"south": {"uv": [0.4, 0, 0, 0.4], "texture": "#2"},
				"west": {"uv": [1.175, 0, 0, 0.4], "texture": "#2"},
				"up": {"uv": [0, 1.175, 0.4, 0], "texture": "#2"},
				"down": {"uv": [0, 1.175, 0.4, 0], "texture": "#2"}
			}
		},
		{
			"from": [8.3, -3.03, 9.5],
			"to": [8.7, -2.63, 11.175],
			"rotation": {"angle": 0, "axis": "x", "origin": [7.99992, 2.36492, 8.00024]},
			"faces": {
				"north": {"uv": [0.4, 0, 0, 0.4], "texture": "#2"},
				"east": {"uv": [1.175, 0, 0, 0.4], "texture": "#2"},
				"south": {"uv": [0.4, 0, 0, 0.4], "texture": "#2"},
				"west": {"uv": [1.175, 0, 0, 0.4], "texture": "#2"},
				"up": {"uv": [0, 1.175, 0.4, 0], "texture": "#2"},
				"down": {"uv": [0, 1.175, 0.4, 0], "texture": "#2"}
			}
		},
		{
			"from": [8.3, -3.03, 4.825],
			"to": [8.7, -2.63, 6.5],
			"rotation": {"angle": 0, "axis": "x", "origin": [7.99992, 2.36492, 8.00024]},
			"faces": {
				"north": {"uv": [0, 0, 0.4, 0.4], "texture": "#2"},
				"east": {"uv": [0, 0, 1.175, 0.4], "texture": "#2"},
				"south": {"uv": [0, 0, 0.4, 0.4], "texture": "#2"},
				"west": {"uv": [0, 0, 1.175, 0.4], "texture": "#2"},
				"up": {"uv": [0, 0, 0.4, 1.175], "texture": "#2"},
				"down": {"uv": [0, 0, 0.4, 1.175], "texture": "#2"}
			}
		},
		{
			"from": [7.3, -3.03, 4.825],
			"to": [7.7, -2.63, 6.5],
			"rotation": {"angle": 0, "axis": "x", "origin": [7.99992, 2.36492, 8.00024]},
			"faces": {
				"north": {"uv": [0, 0, 0.4, 0.4], "texture": "#2"},
				"east": {"uv": [0, 0, 1.175, 0.4], "texture": "#2"},
				"south": {"uv": [0, 0, 0.4, 0.4], "texture": "#2"},
				"west": {"uv": [0, 0, 1.175, 0.4], "texture": "#2"},
				"up": {"uv": [0, 0, 0.4, 1.175], "texture": "#2"},
				"down": {"uv": [0, 0, 0.4, 1.175], "texture": "#2"}
			}
		},
		{
			"from": [7.5, -3.325, 5.5],
			"to": [8.5, -2.325, 10.5],
			"rotation": {"angle": 0, "axis": "x", "origin": [7.99992, 2.36492, 8.00024]},
			"faces": {
				"north": {"uv": [0, 0, 1, 1], "texture": "#0"},
				"east": {"uv": [0, 0, 5, 1], "texture": "#0"},
				"south": {"uv": [0, 0, 1, 1], "texture": "#0"},
				"west": {"uv": [0, 0, 5, 1], "texture": "#0"},
				"up": {"uv": [0, 0, 1, 5], "texture": "#0"},
				"down": {"uv": [0, 0, 1, 5], "texture": "#0"}
			}
		},
		{
			"from": [7.8172, -1.03972, 7.88175],
			"to": [8.1828, 1.98788, 9.22735],
			"rotation": {"angle": -22.5, "axis": "x", "origin": [7.99992, 2.36492, 8.00024]},
			"faces": {
				"north": {"uv": [0, 2.25, 1, 4.5], "rotation": 180, "texture": "#2"},
				"east": {"uv": [2.25, 0, 4.5, 1], "rotation": 90, "texture": "#2"},
				"south": {"uv": [0, 2.25, 1, 4.5], "texture": "#2"},
				"west": {"uv": [2.25, 0, 4.5, 1], "rotation": 270, "texture": "#2"},
				"up": {"uv": [0, 1, 1, 2], "rotation": 180, "texture": "#2"},
				"down": {"uv": [0, 1, 1, 2], "texture": "#2"}
			}
		},
		{
			"from": [7.67, -0.9551, 7.73859],
			"to": [8.33, 1.6549, 8.89859],
			"rotation": {"angle": -22.5, "axis": "x", "origin": [7.99992, 2.36492, 8.00024]},
			"faces": {
				"north": {"uv": [0, 2.25, 1, 4.5], "rotation": 180, "texture": "#0"},
				"east": {"uv": [2.25, 0, 4.5, 1], "rotation": 90, "texture": "#0"},
				"south": {"uv": [0, 2.25, 1, 4.5], "texture": "#0"},
				"west": {"uv": [2.25, 0, 4.5, 1], "rotation": 270, "texture": "#0"},
				"up": {"uv": [0, 1, 1, 2], "rotation": 180, "texture": "#0"},
				"down": {"uv": [0, 1, 1, 2], "texture": "#0"}
			}
		},
		{
			"from": [7.5, -0.85427, 7.62672],
			"to": [8.5, 1.39573, 8.62672],
			"rotation": {"angle": -22.5, "axis": "x", "origin": [7.99992, 2.36492, 8.00024]},
			"faces": {
				"north": {"uv": [0, 2.25, 1, 4.5], "rotation": 180, "texture": "#0"},
				"east": {"uv": [2.25, 0, 4.5, 1], "rotation": 90, "texture": "#0"},
				"south": {"uv": [0, 2.25, 1, 4.5], "texture": "#0"},
				"west": {"uv": [2.25, 0, 4.5, 1], "rotation": 270, "texture": "#0"},
				"up": {"uv": [0, 1, 1, 2], "rotation": 180, "texture": "#0"},
				"down": {"uv": [0, 1, 1, 2], "texture": "#0"}
			}
		},
		{
			"from": [7.8172, 26.10416, 19.12511],
			"to": [8.1828, 29.13176, 20.47071],
			"rotation": {"angle": -22.5, "axis": "x", "origin": [7.99992, 2.36492, 8.00024]},
			"faces": {
				"north": {"uv": [0, 2.25, 1, 4.5], "rotation": 180, "texture": "#2"},
				"east": {"uv": [2.25, 0, 4.5, 1], "rotation": 90, "texture": "#2"},
				"south": {"uv": [0, 2.25, 1, 4.5], "texture": "#2"},
				"west": {"uv": [2.25, 0, 4.5, 1], "rotation": 270, "texture": "#2"},
				"up": {"uv": [0, 1, 1, 2], "rotation": 180, "texture": "#2"},
				"down": {"uv": [0, 1, 1, 2], "texture": "#2"}
			}
		},
		{
			"from": [7.67, 26.34738, 19.04765],
			"to": [8.33, 28.95738, 20.20765],
			"rotation": {"angle": -22.5, "axis": "x", "origin": [7.99992, 2.36492, 8.00024]},
			"faces": {
				"north": {"uv": [0, 2.25, 1, 4.5], "rotation": 180, "texture": "#0"},
				"east": {"uv": [2.25, 0, 4.5, 1], "rotation": 90, "texture": "#0"},
				"south": {"uv": [0, 2.25, 1, 4.5], "texture": "#0"},
				"west": {"uv": [2.25, 0, 4.5, 1], "rotation": 270, "texture": "#0"},
				"up": {"uv": [0, 1, 1, 2], "rotation": 180, "texture": "#0"},
				"down": {"uv": [0, 1, 1, 2], "texture": "#0"}
			}
		},
		{
			"from": [7.5, 26.58495, 18.99242],
			"to": [8.5, 28.83495, 19.99242],
			"rotation": {"angle": -22.5, "axis": "x", "origin": [7.99992, 2.36492, 8.00024]},
			"faces": {
				"north": {"uv": [0, 2.25, 1, 4.5], "rotation": 180, "texture": "#0"},
				"east": {"uv": [2.25, 0, 4.5, 1], "rotation": 90, "texture": "#0"},
				"south": {"uv": [0, 2.25, 1, 4.5], "texture": "#0"},
				"west": {"uv": [2.25, 0, 4.5, 1], "rotation": 270, "texture": "#0"},
				"up": {"uv": [0, 1, 1, 2], "rotation": 180, "texture": "#0"},
				"down": {"uv": [0, 1, 1, 2], "texture": "#0"}
			}
		},
		{
			"from": [7.8172, -2.21599, 4.71897],
			"to": [8.1828, 0.81161, 6.06457],
			"rotation": {"angle": -22.5, "axis": "x", "origin": [7.99992, 2.36492, 8.00024]},
			"faces": {
				"north": {"uv": [1, 0, 0, 2.25], "texture": "#2"},
				"east": {"uv": [0, 1, 2.25, 0], "rotation": 90, "texture": "#2"},
				"south": {"uv": [1, 0, 0, 2.25], "rotation": 180, "texture": "#2"},
				"west": {"uv": [0, 1, 2.25, 0], "rotation": 270, "texture": "#2"},
				"up": {"uv": [0, 1, 1, 0], "texture": "#2"},
				"down": {"uv": [0, 1, 1, 0], "rotation": 180, "texture": "#2"}
			}
		},
		{
			"from": [7.67, -1.96911, 5.01206],
			"to": [8.33, 0.64089, 6.17206],
			"rotation": {"angle": -22.5, "axis": "x", "origin": [7.99992, 2.36492, 8.00024]},
			"faces": {
				"north": {"uv": [1, 0, 0, 2.25], "texture": "#0"},
				"east": {"uv": [0, 1, 2.25, 0], "rotation": 90, "texture": "#0"},
				"south": {"uv": [1, 0, 0, 2.25], "rotation": 180, "texture": "#0"},
				"west": {"uv": [0, 1, 2.25, 0], "rotation": 270, "texture": "#0"},
				"up": {"uv": [0, 1, 1, 0], "texture": "#0"},
				"down": {"uv": [0, 1, 1, 0], "rotation": 180, "texture": "#0"}
			}
		},
		{
			"from": [7.5, -1.72842, 5.27627],
			"to": [8.5, 0.52158, 6.27627],
			"rotation": {"angle": -22.5, "axis": "x", "origin": [7.99992, 2.36492, 8.00024]},
			"faces": {
				"north": {"uv": [1, 0, 0, 2.25], "texture": "#0"},
				"east": {"uv": [0, 1, 2.25, 0], "rotation": 90, "texture": "#0"},
				"south": {"uv": [1, 0, 0, 2.25], "rotation": 180, "texture": "#0"},
				"west": {"uv": [0, 1, 2.25, 0], "rotation": 270, "texture": "#0"},
				"up": {"uv": [0, 1, 1, 0], "texture": "#0"},
				"down": {"uv": [0, 1, 1, 0], "rotation": 180, "texture": "#0"}
			}
		},
		{
			"from": [7.8172, 22.32003, -13.76415],
			"to": [8.1828, 24.13659, -11.96105],
			"rotation": {"angle": 45, "axis": "x", "origin": [7.99992, 2.36492, 8.00024]},
			"faces": {
				"north": {"uv": [0, 1, 1, 2.35], "texture": "#2"},
				"east": {"uv": [2.25, 0, 3.59, 1.35], "rotation": 180, "texture": "#2"},
				"south": {"uv": [0, 1, 1, 2.35], "texture": "#2"},
				"west": {"uv": [2.25, 0, 3.59, 1.35], "rotation": 180, "texture": "#2"},
				"up": {"uv": [0, 2.25, 1, 3.59], "texture": "#2"},
				"down": {"uv": [0, 2.25, 1, 3.59], "texture": "#2"}
			}
		},
		{
			"from": [7.67, 22.25983, -13.45444],
			"to": [8.33, 23.82583, -11.90004],
			"rotation": {"angle": 45, "axis": "x", "origin": [7.99992, 2.36492, 8.00024]},
			"faces": {
				"north": {"uv": [0, 1, 1, 2.35], "texture": "#0"},
				"east": {"uv": [2.25, 0, 3.59, 1.35], "rotation": 180, "texture": "#0"},
				"south": {"uv": [0, 1, 1, 2.35], "texture": "#0"},
				"west": {"uv": [2.25, 0, 3.59, 1.35], "rotation": 180, "texture": "#0"},
				"up": {"uv": [0, 2.25, 1, 3.59], "texture": "#0"},
				"down": {"uv": [0, 2.25, 1, 3.59], "texture": "#0"}
			}
		},
		{
			"from": [7.5, 22.22927, -13.2088],
			"to": [8.5, 23.57927, -11.8688],
			"rotation": {"angle": 45, "axis": "x", "origin": [7.99992, 2.36492, 8.00024]},
			"faces": {
				"north": {"uv": [0, 1, 1, 2.35], "texture": "#0"},
				"east": {"uv": [2.25, 0, 3.59, 1.35], "rotation": 180, "texture": "#0"},
				"south": {"uv": [0, 1, 1, 2.35], "texture": "#0"},
				"west": {"uv": [2.25, 0, 3.59, 1.35], "rotation": 180, "texture": "#0"},
				"up": {"uv": [0, 2.25, 1, 3.59], "texture": "#0"},
				"down": {"uv": [0, 2.25, 1, 3.59], "texture": "#0"}
			}
		},
		{
			"from": [7.8172, 19.53144, -12.59263],
			"to": [8.1828, 20.87704, -11.04519],
			"rotation": {"angle": 45, "axis": "x", "origin": [7.99992, 2.36492, 8.00024]},
			"faces": {
				"north": {"uv": [0, 1, 1, 2], "rotation": 180, "texture": "#2"},
				"east": {"uv": [0, 1, 1.15, 2], "rotation": 180, "texture": "#2"},
				"south": {"uv": [0, 1, 1, 2], "rotation": 180, "texture": "#2"},
				"west": {"uv": [0, 1, 1.15, 2], "rotation": 180, "texture": "#2"},
				"up": {"uv": [1, 0, 2, 1.15], "rotation": 180, "texture": "#2"},
				"down": {"uv": [1, 0, 2, 1.15], "rotation": 180, "texture": "#2"}
			}
		},
		{
			"from": [7.67, 19.85588, -12.44451],
			"to": [8.33, 21.01588, -11.11051],
			"rotation": {"angle": 45, "axis": "x", "origin": [7.99992, 2.36492, 8.00024]},
			"faces": {
				"north": {"uv": [0, 1, 1, 2], "rotation": 180, "texture": "#0"},
				"east": {"uv": [0, 1, 1.15, 2], "rotation": 180, "texture": "#0"},
				"south": {"uv": [0, 1, 1, 2], "rotation": 180, "texture": "#0"},
				"west": {"uv": [0, 1, 1.15, 2], "rotation": 180, "texture": "#0"},
				"up": {"uv": [1, 0, 2, 1.15], "rotation": 180, "texture": "#0"},
				"down": {"uv": [1, 0, 2, 1.15], "rotation": 180, "texture": "#0"}
			}
		},
		{
			"from": [7.5, 20.1569, -12.33816],
			"to": [8.5, 21.1569, -11.18816],
			"rotation": {"angle": 45, "axis": "x", "origin": [7.99992, 2.36492, 8.00024]},
			"faces": {
				"north": {"uv": [0, 1, 1, 2], "rotation": 180, "texture": "#0"},
				"east": {"uv": [0, 1, 1.15, 2], "rotation": 180, "texture": "#0"},
				"south": {"uv": [0, 1, 1, 2], "rotation": 180, "texture": "#0"},
				"west": {"uv": [0, 1, 1.15, 2], "rotation": 180, "texture": "#0"},
				"up": {"uv": [1, 0, 2, 1.15], "rotation": 180, "texture": "#0"},
				"down": {"uv": [1, 0, 2, 1.15], "rotation": 180, "texture": "#0"}
			}
		},
		{
			"from": [7.8172, 26.10397, -4.47067],
			"to": [8.1828, 29.13157, -3.12507],
			"rotation": {"angle": 22.5, "axis": "x", "origin": [7.99992, 2.36492, 8.00024]},
			"faces": {
				"north": {"uv": [1, 2.25, 2, 4.5], "texture": "#2"},
				"east": {"uv": [2.25, 1, 4.5, 2], "rotation": 90, "texture": "#2"},
				"south": {"uv": [1, 2.25, 2, 4.5], "rotation": 180, "texture": "#2"},
				"west": {"uv": [2.25, 1, 4.5, 2], "rotation": 270, "texture": "#2"},
				"up": {"uv": [0, 0, 1, 1], "rotation": 180, "texture": "#2"},
				"down": {"uv": [0, 0, 1, 1], "texture": "#2"}
			}
		},
		{
			"from": [7.67, 26.3472, -4.20761],
			"to": [8.33, 28.9572, -3.04761],
			"rotation": {"angle": 22.5, "axis": "x", "origin": [7.99992, 2.36492, 8.00024]},
			"faces": {
				"north": {"uv": [1, 2.25, 2, 4.5], "texture": "#0"},
				"east": {"uv": [2.25, 1, 4.5, 2], "rotation": 90, "texture": "#0"},
				"south": {"uv": [1, 2.25, 2, 4.5], "rotation": 180, "texture": "#0"},
				"west": {"uv": [2.25, 1, 4.5, 2], "rotation": 270, "texture": "#0"},
				"up": {"uv": [0, 0, 1, 1], "rotation": 180, "texture": "#0"},
				"down": {"uv": [0, 0, 1, 1], "texture": "#0"}
			}
		},
		{
			"from": [7.5, 26.58477, -3.99238],
			"to": [8.5, 28.83477, -2.99238],
			"rotation": {"angle": 22.5, "axis": "x", "origin": [7.99992, 2.36492, 8.00024]},
			"faces": {
				"north": {"uv": [1, 2.25, 2, 4.5], "texture": "#0"},
				"east": {"uv": [2.25, 1, 4.5, 2], "rotation": 90, "texture": "#0"},
				"south": {"uv": [1, 2.25, 2, 4.5], "rotation": 180, "texture": "#0"},
				"west": {"uv": [2.25, 1, 4.5, 2], "rotation": 270, "texture": "#0"},
				"up": {"uv": [0, 0, 1, 1], "rotation": 180, "texture": "#0"},
				"down": {"uv": [0, 0, 1, 1], "texture": "#0"}
			}
		},
		{
			"from": [7.8172, -1.0399, 6.77269],
			"to": [8.1828, 1.9877, 8.11829],
			"rotation": {"angle": 22.5, "axis": "x", "origin": [7.99992, 2.36492, 8.00024]},
			"faces": {
				"north": {"uv": [1, 2.25, 2, 4.5], "texture": "#2"},
				"east": {"uv": [2.25, 1, 4.5, 2], "rotation": 90, "texture": "#2"},
				"south": {"uv": [1, 2.25, 2, 4.5], "rotation": 180, "texture": "#2"},
				"west": {"uv": [2.25, 1, 4.5, 2], "rotation": 270, "texture": "#2"},
				"up": {"uv": [0, 0, 1, 1], "rotation": 180, "texture": "#2"},
				"down": {"uv": [0, 0, 1, 1], "texture": "#2"}
			}
		},
		{
			"from": [7.67, -0.95529, 7.10145],
			"to": [8.33, 1.65471, 8.26145],
			"rotation": {"angle": 22.5, "axis": "x", "origin": [7.99992, 2.36492, 8.00024]},
			"faces": {
				"north": {"uv": [1, 2.25, 2, 4.5], "texture": "#0"},
				"east": {"uv": [2.25, 1, 4.5, 2], "rotation": 90, "texture": "#0"},
				"south": {"uv": [1, 2.25, 2, 4.5], "rotation": 180, "texture": "#0"},
				"west": {"uv": [2.25, 1, 4.5, 2], "rotation": 270, "texture": "#0"},
				"up": {"uv": [0, 0, 1, 1], "rotation": 180, "texture": "#0"},
				"down": {"uv": [0, 0, 1, 1], "texture": "#0"}
			}
		},
		{
			"from": [7.5, -0.85445, 7.37331],
			"to": [8.5, 1.39555, 8.37331],
			"rotation": {"angle": 22.5, "axis": "x", "origin": [7.99992, 2.36492, 8.00024]},
			"faces": {
				"north": {"uv": [1, 2.25, 2, 4.5], "texture": "#0"},
				"east": {"uv": [2.25, 1, 4.5, 2], "rotation": 90, "texture": "#0"},
				"south": {"uv": [1, 2.25, 2, 4.5], "rotation": 180, "texture": "#0"},
				"west": {"uv": [2.25, 1, 4.5, 2], "rotation": 270, "texture": "#0"},
				"up": {"uv": [0, 0, 1, 1], "rotation": 180, "texture": "#0"},
				"down": {"uv": [0, 0, 1, 1], "texture": "#0"}
			}
		},
		{
			"from": [7.11835, -2.72956, 7.00505],
			"to": [8.87707, -1.90044, 8.99495],
			"rotation": {"angle": 0, "axis": "x", "origin": [7.99992, 2.36492, 8.00024]},
			"faces": {
				"north": {"uv": [0, 0, 1.25, 9.25], "rotation": 270, "texture": "#2"},
				"east": {"uv": [0, 0, 1.25, 3], "rotation": 270, "texture": "#2"},
				"south": {"uv": [0, 0, 1.25, 9.25], "rotation": 90, "texture": "#2"},
				"west": {"uv": [0, 0, 1.25, 3], "rotation": 270, "texture": "#2"},
				"up": {"uv": [0, 0, 3, 9.25], "rotation": 90, "texture": "#2"},
				"down": {"uv": [0, 0, 3, 9.25], "rotation": 90, "texture": "#2"}
			}
		},
		{
			"from": [7.11835, -1.35901, 10.31432],
			"to": [8.87707, -0.52989, 12.30422],
			"rotation": {"angle": 45, "axis": "x", "origin": [7.99992, 2.36492, 8.00024]},
			"faces": {
				"north": {"uv": [0, 0, 1.25, 9.25], "rotation": 270, "texture": "#2"},
				"east": {"uv": [0, 0, 1.25, 3], "rotation": 270, "texture": "#2"},
				"south": {"uv": [0, 0, 1.25, 9.25], "rotation": 90, "texture": "#2"},
				"west": {"uv": [0, 0, 1.25, 3], "rotation": 270, "texture": "#2"},
				"up": {"uv": [0, 0, 3, 9.25], "rotation": 90, "texture": "#2"},
				"down": {"uv": [0, 0, 3, 9.25], "rotation": 90, "texture": "#2"}
			}
		},
		{
			"from": [7.11835, -1.9394, 10.89471],
			"to": [8.87707, 0.0505, 11.72383],
			"rotation": {"angle": 45, "axis": "x", "origin": [7.99992, 2.36492, 8.00024]},
			"faces": {
				"north": {"uv": [0, 0, 3, 9.25], "rotation": 270, "texture": "#2"},
				"east": {"uv": [0, 0, 1.25, 3], "texture": "#2"},
				"south": {"uv": [0, 0, 3, 9.25], "rotation": 90, "texture": "#2"},
				"west": {"uv": [0, 0, 1.25, 3], "rotation": 180, "texture": "#2"},
				"up": {"uv": [0, 0, 1.25, 9.25], "rotation": 90, "texture": "#2"},
				"down": {"uv": [0, 0, 1.25, 9.25], "rotation": 90, "texture": "#2"}
			}
		},
		{
			"from": [7.11835, -3.30995, 7.58544],
			"to": [8.87707, -1.32005, 8.41456],
			"rotation": {"angle": 0, "axis": "x", "origin": [7.99992, 2.36492, 8.00024]},
			"faces": {
				"north": {"uv": [0, 0, 3, 9.25], "rotation": 270, "texture": "#2"},
				"east": {"uv": [0, 0, 1.25, 3], "rotation": 180, "texture": "#2"},
				"south": {"uv": [0, 0, 3, 9.25], "rotation": 90, "texture": "#2"},
				"west": {"uv": [0, 0, 1.25, 3], "texture": "#2"},
				"up": {"uv": [0, 0, 1.25, 9.25], "rotation": 90, "texture": "#2"},
				"down": {"uv": [0, 0, 1.25, 9.25], "rotation": 90, "texture": "#2"}
			}
		},
		{
			"from": [7.5, -5.06192, 7.92106],
			"to": [8.5, -4.76192, 8.20606],
			"rotation": {"angle": 45, "axis": "x", "origin": [7.99992, 2.36492, 8.00024]},
			"faces": {
				"north": {"uv": [0, 0, 1, 0.3], "texture": "#0"},
				"east": {"uv": [0, 0, 0.3, 0.285], "rotation": 90, "texture": "#0"},
				"south": {"uv": [0, 0, 1, 0.3], "rotation": 180, "texture": "#0"},
				"west": {"uv": [0, 0, 0.3, 0.285], "rotation": 270, "texture": "#0"},
				"up": {"uv": [1, 0.285, 2, 0.57], "rotation": 180, "texture": "#0"},
				"down": {"uv": [1, 0.285, 2, 0.57], "texture": "#0"}
			}
		},
		{
			"from": [7.5, -4.57073, 5.35348],
			"to": [8.5, -4.04573, 6.07848],
			"rotation": {"angle": 22.5, "axis": "x", "origin": [7.99992, 2.36492, 8.00024]},
			"faces": {
				"north": {"uv": [0, 0, 1, 0.525], "texture": "#0"},
				"east": {"uv": [0, 0, 0.525, 0.725], "rotation": 90, "texture": "#0"},
				"south": {"uv": [0, 0, 1, 0.525], "rotation": 180, "texture": "#0"},
				"west": {"uv": [0, 0, 0.525, 0.725], "rotation": 270, "texture": "#0"},
				"up": {"uv": [1, 0.725, 2, 1.45], "rotation": 180, "texture": "#0"},
				"down": {"uv": [1, 0.725, 2, 1.45], "texture": "#0"}
			}
		},
		{
			"from": [7.5, -0.81415, 1.38128],
			"to": [8.5, -0.28915, 2.10628],
			"rotation": {"angle": -22.5, "axis": "x", "origin": [7.99992, 2.36492, 8.00024]},
			"faces": {
				"north": {"uv": [0, 1, 1, 1.525], "texture": "#0"},
				"east": {"uv": [1, 0, 1.525, 0.725], "rotation": 90, "texture": "#0"},
				"south": {"uv": [0, 1, 1, 1.525], "rotation": 180, "texture": "#0"},
				"west": {"uv": [1, 0, 1.525, 0.725], "rotation": 270, "texture": "#0"},
				"up": {"uv": [1, 1.725, 2, 2.45], "texture": "#0"},
				"down": {"uv": [1, 1.725, 2, 2.45], "rotation": 180, "texture": "#0"}
			}
		},
		{
			"from": [7.5, -1.53915, 2.10628],
			"to": [8.5, -0.28915, 3.90628],
			"rotation": {"angle": -22.5, "axis": "x", "origin": [7.99992, 2.36492, 8.00024]},
			"faces": {
				"north": {"uv": [0, 1, 1, 2.25], "texture": "#0"},
				"east": {"uv": [1, 0, 2.25, 1.8], "rotation": 90, "texture": "#0"},
				"south": {"uv": [0, 1, 1, 2.25], "rotation": 180, "texture": "#0"},
				"west": {"uv": [1, 0, 2.25, 1.8], "rotation": 270, "texture": "#0"},
				"up": {"uv": [1, 2.8, 2, 4.6], "texture": "#0"},
				"down": {"uv": [1, 2.8, 2, 4.6], "rotation": 180, "texture": "#0"}
			}
		},
		{
			"from": [7.5, -4.57073, 6.07848],
			"to": [8.5, -3.32073, 7.87848],
			"rotation": {"angle": 22.5, "axis": "x", "origin": [7.99992, 2.36492, 8.00024]},
			"faces": {
				"north": {"uv": [0, 0, 1, 1.25], "texture": "#0"},
				"east": {"uv": [0, 0, 1.25, 1.8], "rotation": 90, "texture": "#0"},
				"south": {"uv": [0, 0, 1, 1.25], "rotation": 180, "texture": "#0"},
				"west": {"uv": [0, 0, 1.25, 1.8], "rotation": 270, "texture": "#0"},
				"up": {"uv": [1, 1.8, 2, 3.6], "rotation": 180, "texture": "#0"},
				"down": {"uv": [1, 1.8, 2, 3.6], "texture": "#0"}
			}
		},
		{
			"from": [7.5, 2.15876, 15.12674],
			"to": [8.5, 2.44376, 15.42674],
			"rotation": {"angle": 45, "axis": "x", "origin": [7.99992, 2.36492, 8.00024]},
			"faces": {
				"north": {"uv": [0, 0, 1, 0.285], "texture": "#0"},
				"east": {"uv": [0, 0, 0.3, 0.285], "texture": "#0"},
				"south": {"uv": [0, 0, 1, 0.285], "texture": "#0"},
				"west": {"uv": [0, 0, 0.3, 0.285], "texture": "#0"},
				"up": {"uv": [0, 0, 1, 0.3], "texture": "#0"},
				"down": {"uv": [0, 0, 1, 0.3], "texture": "#0"}
			}
		},
		{
			"from": [7.5, -4.57055, 9.92156],
			"to": [8.5, -4.04555, 10.64656],
			"rotation": {"angle": -22.5, "axis": "x", "origin": [7.99992, 2.36492, 8.00024]},
			"faces": {
				"north": {"uv": [0, 0, 1, 0.525], "rotation": 180, "texture": "#0"},
				"east": {"uv": [0, 0, 0.525, 0.725], "rotation": 270, "texture": "#0"},
				"south": {"uv": [0, 0, 1, 0.525], "texture": "#0"},
				"west": {"uv": [0, 0, 0.525, 0.725], "rotation": 90, "texture": "#0"},
				"up": {"uv": [0, 0, 1, 0.725], "rotation": 180, "texture": "#0"},
				"down": {"uv": [0, 0, 1, 0.725], "texture": "#0"}
			}
		},
		{
			"from": [7.5, -0.81433, 13.89375],
			"to": [8.5, -0.28933, 14.61875],
			"rotation": {"angle": 22.5, "axis": "x", "origin": [7.99992, 2.36492, 8.00024]},
			"faces": {
				"north": {"uv": [0, 1, 1, 1.525], "rotation": 180, "texture": "#0"},
				"east": {"uv": [1, 0, 1.525, 0.725], "rotation": 270, "texture": "#0"},
				"south": {"uv": [0, 1, 1, 1.525], "texture": "#0"},
				"west": {"uv": [1, 0, 1.525, 0.725], "rotation": 90, "texture": "#0"},
				"up": {"uv": [0, 1, 1, 1.725], "texture": "#0"},
				"down": {"uv": [0, 1, 1, 1.725], "rotation": 180, "texture": "#0"}
			}
		},
		{
			"from": [7.5, -1.53933, 12.09375],
			"to": [8.5, -0.28933, 13.89375],
			"rotation": {"angle": 22.5, "axis": "x", "origin": [7.99992, 2.36492, 8.00024]},
			"faces": {
				"north": {"uv": [0, 1, 1, 2.25], "rotation": 180, "texture": "#0"},
				"east": {"uv": [1, 0, 2.25, 1.8], "rotation": 270, "texture": "#0"},
				"south": {"uv": [0, 1, 1, 2.25], "texture": "#0"},
				"west": {"uv": [1, 0, 2.25, 1.8], "rotation": 90, "texture": "#0"},
				"up": {"uv": [0, 1, 1, 2.8], "texture": "#0"},
				"down": {"uv": [0, 1, 1, 2.8], "rotation": 180, "texture": "#0"}
			}
		},
		{
			"from": [7.5, -4.57055, 8.12156],
			"to": [8.5, -3.32055, 9.92156],
			"rotation": {"angle": -22.5, "axis": "x", "origin": [7.99992, 2.36492, 8.00024]},
			"faces": {
				"north": {"uv": [0, 0, 1, 1.25], "rotation": 180, "texture": "#0"},
				"east": {"uv": [0, 0, 1.25, 1.8], "rotation": 270, "texture": "#0"},
				"south": {"uv": [0, 0, 1, 1.25], "texture": "#0"},
				"west": {"uv": [0, 0, 1.25, 1.8], "rotation": 90, "texture": "#0"},
				"up": {"uv": [0, 0, 1, 1.8], "rotation": 180, "texture": "#0"},
				"down": {"uv": [0, 0, 1, 1.8], "texture": "#0"}
			}
		},
		{
			"from": [7.00505, -4.07165, 7.58544],
			"to": [8.99495, -3.31293, 8.41456],
			"rotation": {"angle": 0, "axis": "x", "origin": [7.99992, 2.36492, 8.00024]},
			"faces": {
				"north": {"uv": [0, 0, 3, 9.25], "texture": "#0"},
				"east": {"uv": [0, 0, 1.25, 9.25], "texture": "#0"},
				"south": {"uv": [0, 0, 3, 9.25], "texture": "#0"},
				"west": {"uv": [0, 0, 1.25, 9.25], "texture": "#0"},
				"up": {"uv": [0, 0, 1.25, 3], "rotation": 270, "texture": "#0"},
				"down": {"uv": [0, 0, 1.25, 3], "rotation": 90, "texture": "#0"}
			}
		},
		{
			"from": [7.58544, -4.07165, 7.00505],
			"to": [8.41456, -3.31293, 8.99495],
			"rotation": {"angle": 0, "axis": "x", "origin": [7.99992, 2.36492, 8.00024]},
			"faces": {
				"north": {"uv": [0, 0, 1.25, 9.25], "texture": "#0"},
				"east": {"uv": [0, 0, 3, 9.25], "texture": "#0"},
				"south": {"uv": [0, 0, 1.25, 9.25], "texture": "#0"},
				"west": {"uv": [0, 0, 3, 9.25], "texture": "#0"},
				"up": {"uv": [0, 0, 1.25, 3], "rotation": 180, "texture": "#0"},
				"down": {"uv": [0, 0, 1.25, 3], "rotation": 180, "texture": "#0"}
			}
		},
		{
			"from": [7.58544, -4.07165, 7.00505],
			"to": [8.41456, -3.31293, 8.99495],
			"rotation": {"angle": 0, "axis": "x", "origin": [7.99992, 2.36492, 8.00024]},
			"faces": {
				"north": {"uv": [0, 0, 1.25, 9.25], "texture": "#0"},
				"east": {"uv": [0, 0, 3, 9.25], "texture": "#0"},
				"south": {"uv": [0, 0, 1.25, 9.25], "texture": "#0"},
				"west": {"uv": [0, 0, 3, 9.25], "texture": "#0"},
				"up": {"uv": [0, 0, 1.25, 3], "texture": "#0"},
				"down": {"uv": [0, 0, 1.25, 3], "texture": "#0"}
			}
		},
		{
			"from": [7.00505, -4.07165, 7.58544],
			"to": [8.99495, -3.31293, 8.41456],
			"rotation": {"angle": 0, "axis": "x", "origin": [7.99992, 2.36492, 8.00024]},
			"faces": {
				"north": {"uv": [0, 0, 3, 9.25], "texture": "#0"},
				"east": {"uv": [0, 0, 1.25, 9.25], "texture": "#0"},
				"south": {"uv": [0, 0, 3, 9.25], "texture": "#0"},
				"west": {"uv": [0, 0, 1.25, 9.25], "texture": "#0"},
				"up": {"uv": [0, 0, 1.25, 3], "rotation": 270, "texture": "#0"},
				"down": {"uv": [0, 0, 1.25, 3], "rotation": 90, "texture": "#0"}
			}
		},
		{
			"from": [6.86938, -13.62687, 7.52891],
			"to": [9.13063, -12.48969, 8.47109],
			"rotation": {"angle": 0, "axis": "x", "origin": [7.99992, 2.36492, 8.00024]},
			"faces": {
				"north": {"uv": [0, 0, 3, 9.25], "texture": "#1"},
				"east": {"uv": [0, 0, 1.25, 9.25], "texture": "#1"},
				"south": {"uv": [0, 0, 3, 9.25], "texture": "#1"},
				"west": {"uv": [0, 0, 1.25, 9.25], "texture": "#1"},
				"up": {"uv": [0, 0, 1.25, 3], "rotation": 90, "texture": "#1"},
				"down": {"uv": [0, 0, 1.25, 3], "rotation": 270, "texture": "#1"}
			}
		},
		{
			"from": [7.52891, -13.62687, 6.86938],
			"to": [8.47109, -12.48969, 9.13063],
			"rotation": {"angle": 0, "axis": "x", "origin": [7.99992, 2.36492, 8.00024]},
			"faces": {
				"north": {"uv": [0, 0, 1.25, 9.25], "texture": "#1"},
				"east": {"uv": [0, 0, 3, 9.25], "texture": "#1"},
				"south": {"uv": [0, 0, 1.25, 9.25], "texture": "#1"},
				"west": {"uv": [0, 0, 3, 9.25], "texture": "#1"},
				"up": {"uv": [0, 0, 1.25, 3], "texture": "#1"},
				"down": {"uv": [0, 0, 1.25, 3], "texture": "#1"}
			}
		},
		{
			"from": [7.52891, -13.62687, 6.86937],
			"to": [8.47109, -12.48969, 9.13062],
			"rotation": {"angle": 0, "axis": "x", "origin": [7.99992, 2.36492, 8.00024]},
			"faces": {
				"north": {"uv": [0, 0, 1.25, 9.25], "texture": "#1"},
				"east": {"uv": [0, 0, 3, 9.25], "texture": "#1"},
				"south": {"uv": [0, 0, 1.25, 9.25], "texture": "#1"},
				"west": {"uv": [0, 0, 3, 9.25], "texture": "#1"},
				"up": {"uv": [0, 0, 1.25, 3], "texture": "#1"},
				"down": {"uv": [0, 0, 1.25, 3], "texture": "#1"}
			}
		},
		{
			"from": [6.86938, -13.62687, 7.52891],
			"to": [9.13063, -12.48969, 8.47109],
			"rotation": {"angle": 0, "axis": "x", "origin": [7.99992, 2.36492, 8.00024]},
			"faces": {
				"north": {"uv": [0, 0, 3, 9.25], "texture": "#1"},
				"east": {"uv": [0, 0, 1.25, 9.25], "texture": "#1"},
				"south": {"uv": [0, 0, 3, 9.25], "texture": "#1"},
				"west": {"uv": [0, 0, 1.25, 9.25], "texture": "#1"},
				"up": {"uv": [0, 0, 1.25, 3], "rotation": 270, "texture": "#1"},
				"down": {"uv": [0, 0, 1.25, 3], "rotation": 90, "texture": "#1"}
			}
		},
		{
			"from": [7.64844, -12.70625, 7.15625],
			"to": [8.35156, -3.57812, 8.84375],
			"rotation": {"angle": 0, "axis": "x", "origin": [7.99992, 2.36492, 8.00024]},
			"faces": {
				"north": {"uv": [0, 0, 1.25, 9.25], "texture": "#1"},
				"east": {"uv": [0, 0, 3, 9.25], "texture": "#1"},
				"south": {"uv": [0, 0, 1.25, 9.25], "texture": "#1"},
				"west": {"uv": [0, 0, 3, 9.25], "texture": "#1"},
				"up": {"uv": [0, 0, 1.25, 3], "rotation": 180, "texture": "#1"},
				"down": {"uv": [0, 0, 1.25, 3], "rotation": 180, "texture": "#1"}
			}
		},
		{
			"from": [7.15625, -12.70625, 7.64844],
			"to": [8.84375, -3.57812, 8.35156],
			"rotation": {"angle": 0, "axis": "x", "origin": [7.99992, 2.36492, 8.00024]},
			"faces": {
				"north": {"uv": [0, 0, 3, 9.25], "texture": "#1"},
				"east": {"uv": [0, 0, 1.25, 9.25], "texture": "#1"},
				"south": {"uv": [0, 0, 3, 9.25], "texture": "#1"},
				"west": {"uv": [0, 0, 1.25, 9.25], "texture": "#1"},
				"up": {"uv": [0, 0, 1.25, 3], "rotation": 270, "texture": "#1"},
				"down": {"uv": [0, 0, 1.25, 3], "rotation": 90, "texture": "#1"}
			}
		},
		{
			"from": [7.15625, -12.70625, 7.64844],
			"to": [8.84375, -3.57812, 8.35156],
			"rotation": {"angle": 0, "axis": "x", "origin": [7.99992, 2.36492, 8.00024]},
			"faces": {
				"north": {"uv": [0, 0, 3, 9.25], "texture": "#1"},
				"east": {"uv": [0, 0, 1.25, 9.25], "texture": "#1"},
				"south": {"uv": [0, 0, 3, 9.25], "texture": "#1"},
				"west": {"uv": [0, 0, 1.25, 9.25], "texture": "#1"},
				"up": {"uv": [0, 0, 1.25, 3], "rotation": 90, "texture": "#1"},
				"down": {"uv": [0, 0, 1.25, 3], "rotation": 270, "texture": "#1"}
			}
		},
		{
			"from": [7.64844, -12.70625, 7.15625],
			"to": [8.35156, -3.57812, 8.84375],
			"rotation": {"angle": 0, "axis": "x", "origin": [7.99992, 2.36492, 8.00024]},
			"faces": {
				"north": {"uv": [0, 0, 1.25, 9.25], "texture": "#1"},
				"east": {"uv": [0, 0, 3, 9.25], "texture": "#1"},
				"south": {"uv": [0, 0, 1.25, 9.25], "texture": "#1"},
				"west": {"uv": [0, 0, 3, 9.25], "texture": "#1"},
				"up": {"uv": [0, 0, 1.25, 3], "rotation": 180, "texture": "#1"},
				"down": {"uv": [0, 0, 1.25, 3], "rotation": 180, "texture": "#1"}
			}
		}
	],
	"display": {
		"thirdperson_righthand": {
			"rotation": [14, 1, 5],
			"translation": [-1, 10.75, 5],
			"scale": [0.8, 0.8, 0.8]
		},
		"thirdperson_lefthand": {
			"rotation": [-166, 21, -180],
			"translation": [0.25, 10.25, 5.75],
			"scale": [0.8, 0.8, 0.8]
		},
		"firstperson_righthand": {
			"rotation": [-1, -11, 10],
			"translation": [2.25, 2.25, -7],
			"scale": [0.8, 0.8, 0.8]
		},
		"firstperson_lefthand": {
			"rotation": [-21, -6, -2],
			"translation": [17.5, 1.5, -15.5],
			"scale": [0.89, 0.92, 0.8]
		},
		"ground": {
			"rotation": [-2.98, -31.69, 179.83],
			"translation": [0, 3, 0]
		},
		"gui": {
			"rotation": [-90, -89, -90],
			"translation": [0, 1.25, 0],
			"scale": [0.5, 0.46, 0.42]
		},
		"head": {
			"rotation": [-83.64, -88.47, 95.83],
			"translation": [0.25, -15.5, 5.25]
		},
		"fixed": {
			"rotation": [90, 89.5, 90],
			"translation": [0, -1, -1.5],
			"scale": [0.5, 0.5, 0.5]
		}
	},
	"groups": [
		{
			"name": "Dark Repulsor",
			"origin": [8, 8, 8],
			"color": 0,
			"children": [0, 1, 2, 3, 4, 5, 6, 7, 8, 9, 10, 11, 12, 13, 14, 15, 16, 17, 18, 19, 20, 21, 22, 23, 24, 25, 26, 27, 28, 29, 30, 31, 32, 33, 34, 35, 36, 37, 38, 39, 40, 41, 42, 43, 44, 45, 46, 47, 48, 49, 50, 51, 52, 53, 54, 55, 56, 57, 58, 59, 60, 61, 62, 63, 64, 65, 66, 67, 68, 69, 70, 71, 72, 73, 74, 75, 76, 77, 78, 79, 80, 81, 82, 83, 84, 85, 86, 87, 88, 89, 90, 91, 92, 93, 94, 95, 96, 97, 98, 99, 100, 101, 102, 103, 104, 105, 106, 107, 108, 109, 110, 111, 112, 113, 114, 115, 116, 117, 118]
		}
	]
}