{
	"credit": "Made with Blockbench",
	"parent": "elucidator",
	"textures": {
		"2": "Pictures/Camera Roll/stil",
		"3": "Pictures/Camera Roll/black",
		"particle": "Pictures/Camera Roll/blue"
	},
	"elements": [
		{
			"from": [8.64844, -14.7317, 7.22431],
			"to": [9.35156, -5.60357, 8.91181],
			"rotation": {"angle": 0, "axis": "x", "origin": [8.99992, -0.30747, 8.95058]},
			"faces": {
				"north": {"uv": [0, 0, 1.25, 9.25], "texture": "#3"},
				"east": {"uv": [0, 0, 3, 9.25], "texture": "#3"},
				"south": {"uv": [0, 0, 1.25, 9.25], "texture": "#3"},
				"west": {"uv": [0, 0, 3, 9.25], "texture": "#3"},
				"up": {"uv": [0, 0, 1.25, 3], "texture": "#3"},
				"down": {"uv": [0, 0, 1.25, 3], "texture": "#3"}
			}
		},
		{
			"from": [8.15625, -14.7317, 7.7165],
			"to": [9.84375, -5.60357, 8.41962],
			"rotation": {"angle": 0, "axis": "x", "origin": [8.99992, -0.30747, 8.95058]},
			"faces": {
				"north": {"uv": [0, 0, 3, 9.25], "texture": "#3"},
				"east": {"uv": [0, 0, 1.25, 9.25], "texture": "#3"},
				"south": {"uv": [0, 0, 3, 9.25], "texture": "#3"},
				"west": {"uv": [0, 0, 1.25, 9.25], "texture": "#3"},
				"up": {"uv": [0, 0, 1.25, 3], "rotation": 90, "texture": "#3"},
				"down": {"uv": [0, 0, 1.25, 3], "rotation": 270, "texture": "#3"}
			}
		},
		{
			"from": [8.52891, -15.65232, 6.93744],
			"to": [9.47109, -14.51514, 9.19869],
			"rotation": {"angle": 0, "axis": "x", "origin": [8.99992, -0.30747, 8.95058]},
			"faces": {
				"north": {"uv": [0, 0, 1.25, 9.25], "texture": "#2"},
				"east": {"uv": [0, 0, 3, 9.25], "texture": "#2"},
				"south": {"uv": [0, 0, 1.25, 9.25], "texture": "#2"},
				"west": {"uv": [0, 0, 3, 9.25], "texture": "#2"},
				"up": {"uv": [0, 0, 1.25, 3], "texture": "#2"},
				"down": {"uv": [0, 0, 1.25, 3], "texture": "#2"}
			}
		},
		{
			"from": [7.86938, -15.65232, 7.59697],
			"to": [10.13063, -14.51514, 8.53915],
			"rotation": {"angle": 0, "axis": "x", "origin": [8.99992, -0.30747, 8.95058]},
			"faces": {
				"north": {"uv": [0, 0, 3, 9.25], "texture": "#2"},
				"east": {"uv": [0, 0, 1.25, 9.25], "texture": "#2"},
				"south": {"uv": [0, 0, 3, 9.25], "texture": "#2"},
				"west": {"uv": [0, 0, 1.25, 9.25], "texture": "#2"},
				"up": {"uv": [0, 0, 1.25, 3], "rotation": 90, "texture": "#2"},
				"down": {"uv": [0, 0, 1.25, 3], "rotation": 270, "texture": "#2"}
			}
		},
		{
			"from": [8.4818, -6.49001, 6.82437],
			"to": [9.5182, -5.54161, 9.31175],
			"rotation": {"angle": 0, "axis": "x", "origin": [8.99992, -0.30747, 8.95058]},
			"faces": {
				"north": {"uv": [0, 0, 1.25, 9.25], "texture": "#2"},
				"east": {"uv": [0, 0, 3, 9.25], "texture": "#2"},
				"south": {"uv": [0, 0, 1.25, 9.25], "texture": "#2"},
				"west": {"uv": [0, 0, 3, 9.25], "texture": "#2"},
				"up": {"uv": [0, 0, 1.25, 3], "texture": "#2"},
				"down": {"uv": [0, 0, 1.25, 3], "texture": "#2"}
			}
		},
		{
			"from": [7.75631, -6.49001, 7.54986],
			"to": [10.24369, -5.54161, 8.58626],
			"rotation": {"angle": 0, "axis": "x", "origin": [8.99992, -0.30747, 8.95058]},
			"faces": {
				"north": {"uv": [0, 0, 3, 9.25], "texture": "#2"},
				"east": {"uv": [0, 0, 1.25, 9.25], "texture": "#2"},
				"south": {"uv": [0, 0, 3, 9.25], "texture": "#2"},
				"west": {"uv": [0, 0, 1.25, 9.25], "texture": "#2"},
				"up": {"uv": [0, 0, 1.25, 3], "rotation": 90, "texture": "#2"},
				"down": {"uv": [0, 0, 1.25, 3], "rotation": 270, "texture": "#2"}
			}
		},
		{
			"from": [8.5, -5.72545, 7.16806],
			"to": [9.5, 1.22455, 8.96806],
			"rotation": {"angle": 0, "axis": "x", "origin": [8.99992, -0.30747, 8.95058]},
			"faces": {
				"north": {"uv": [0, 0, 1, 6.95], "texture": "#3"},
				"east": {"uv": [0, 0, 1.8, 6.95], "texture": "#3"},
				"south": {"uv": [0, 0, 1, 6.95], "texture": "#3"},
				"west": {"uv": [0, 0, 1.8, 6.95], "texture": "#3"},
				"up": {"uv": [0, 0, 1, 1.8], "texture": "#3"},
				"down": {"uv": [0, 0, 1, 1.8], "texture": "#3"}
			}
		},
		{
			"from": [8.53, -5.89845, 7.04206],
			"to": [9.47, 1.19955, 9.09406],
			"rotation": {"angle": 0, "axis": "x", "origin": [8.99992, -0.30747, 8.95058]},
			"faces": {
				"north": {"uv": [0, 0, 1, 6.95], "texture": "#2"},
				"east": {"uv": [0, 0, 1.8, 6.95], "texture": "#2"},
				"south": {"uv": [0, 0, 1, 6.95], "texture": "#2"},
				"west": {"uv": [0, 0, 1.8, 6.95], "texture": "#2"},
				"up": {"uv": [0, 0, 1, 1.8], "texture": "#2"},
				"down": {"uv": [0, 0, 1, 1.8], "texture": "#2"}
			}
		},
		{
			"from": [8.4995, 1.08211, 8.6492],
			"to": [9.499, 2.33211, 9.5492],
			"rotation": {"angle": -22.5, "axis": "x", "origin": [8.99992, -0.30747, 8.95058]},
			"faces": {
				"north": {"uv": [0, 0, 0.9995, 1.25], "texture": "#3"},
				"east": {"uv": [0, 0, 0.9, 1.25], "texture": "#3"},
				"south": {"uv": [0, 0, 0.9995, 1.25], "texture": "#3"},
				"west": {"uv": [0, 0, 0.9, 1.25], "texture": "#3"},
				"up": {"uv": [0, 0, 0.9995, 0.9], "texture": "#3"},
				"down": {"uv": [0, 0, 0.9995, 0.9], "texture": "#3"}
			}
		},
		{
			"from": [8.52943, 1.00812, 8.62951],
			"to": [9.46886, 2.43312, 9.65551],
			"rotation": {"angle": -22.5, "axis": "x", "origin": [8.99992, -0.30747, 8.95058]},
			"faces": {
				"north": {"uv": [0, 0, 0.9995, 1.25], "texture": "#2"},
				"east": {"uv": [0, 0, 0.9, 1.25], "texture": "#2"},
				"south": {"uv": [0, 0, 0.9995, 1.25], "texture": "#2"},
				"west": {"uv": [0, 0, 0.9, 1.25], "texture": "#2"},
				"up": {"uv": [0, 0, 0.9995, 0.9], "texture": "#2"},
				"down": {"uv": [0, 0, 0.9995, 0.9], "texture": "#2"}
			}
		},
		{
			"from": [8.4995, 0.40666, 6.72127],
			"to": [9.499, 1.65666, 7.49627],
			"rotation": {"angle": 22.5, "axis": "x", "origin": [8.99992, -0.30747, 8.95058]},
			"faces": {
				"north": {"uv": [1, 0, 1.9995, 1.25], "texture": "#3"},
				"east": {"uv": [0.8, 0, 1.575, 1.25], "texture": "#3"},
				"south": {"uv": [1, 0, 1.9995, 1.25], "texture": "#3"},
				"west": {"uv": [0.8, 0, 1.575, 1.25], "texture": "#3"},
				"up": {"uv": [0, 0.8, 0.9995, 1.575], "texture": "#3"},
				"down": {"uv": [0, 0.8, 0.9995, 1.575], "texture": "#3"}
			}
		},
		{
			"from": [8.52943, 0.33267, 6.61496],
			"to": [9.46886, 1.75767, 7.49846],
			"rotation": {"angle": 22.5, "axis": "x", "origin": [8.99992, -0.30747, 8.95058]},
			"faces": {
				"north": {"uv": [1, 0, 1.9995, 1.25], "texture": "#2"},
				"east": {"uv": [0.8, 0, 1.575, 1.25], "texture": "#2"},
				"south": {"uv": [1, 0, 1.9995, 1.25], "texture": "#2"},
				"west": {"uv": [0.8, 0, 1.575, 1.25], "texture": "#2"},
				"up": {"uv": [0, 0.8, 0.9995, 1.575], "texture": "#2"},
				"down": {"uv": [0, 0.8, 0.9995, 1.575], "texture": "#2"}
			}
		},
		{
			"from": [8.4995, 1.59705, 7.64306],
			"to": [9.499, 2.35705, 8.49306],
			"rotation": {"angle": 0, "axis": "x", "origin": [8.99992, -0.30747, 8.95058]},
			"faces": {
				"north": {"uv": [0, 0.8, 0.9995, 1.56], "rotation": 180, "texture": "#3"},
				"east": {"uv": [0.8, 0, 1.56, 0.85], "rotation": 270, "texture": "#3"},
				"south": {"uv": [0, 0.8, 0.9995, 1.56], "texture": "#3"},
				"west": {"uv": [0.8, 0, 1.56, 0.85], "rotation": 90, "texture": "#3"},
				"up": {"uv": [1, 0, 1.9995, 0.85], "rotation": 180, "texture": "#3"},
				"down": {"uv": [1, 0, 1.9995, 0.85], "texture": "#3"}
			}
		},
		{
			"from": [8.52943, 1.6242, 7.58356],
			"to": [9.46886, 2.4906, 8.55256],
			"rotation": {"angle": 0, "axis": "x", "origin": [8.99992, -0.30747, 8.95058]},
			"faces": {
				"north": {"uv": [0, 0.8, 0.9995, 1.56], "rotation": 180, "texture": "#2"},
				"east": {"uv": [0.8, 0, 1.56, 0.85], "rotation": 270, "texture": "#2"},
				"south": {"uv": [0, 0.8, 0.9995, 1.56], "texture": "#2"},
				"west": {"uv": [0.8, 0, 1.56, 0.85], "rotation": 90, "texture": "#2"},
				"up": {"uv": [1, 0, 1.9995, 0.85], "rotation": 180, "texture": "#2"},
				"down": {"uv": [1, 0, 1.9995, 0.85], "texture": "#2"}
			}
		},
		{
			"from": [8.525, -5.30045, 6.54306],
			"to": [9.475, -3.50045, 11.79306],
			"rotation": {"angle": 0, "axis": "x", "origin": [8.99992, -0.30747, 8.95058]},
			"faces": {
				"north": {"uv": [0, 0, 0.95, 1.8], "rotation": 180, "texture": "#3"},
				"east": {"uv": [0, 0, 1.8, 5.25], "rotation": 270, "texture": "#3"},
				"south": {"uv": [0, 0, 0.95, 1.8], "texture": "#3"},
				"west": {"uv": [0, 0, 1.8, 5.25], "rotation": 90, "texture": "#3"},
				"up": {"uv": [0, 0, 0.95, 5.25], "rotation": 180, "texture": "#3"},
				"down": {"uv": [0, 0, 0.95, 5.25], "texture": "#3"}
			}
		},
		{
			"from": [8.55, -5.34779, 7.90401],
			"to": [9.45, -4.57279, 8.70401],
			"rotation": {"angle": -45, "axis": "x", "origin": [8.99992, -0.30747, 8.95058]},
			"faces": {
				"north": {"uv": [0, 0, 0.9, 0.775], "rotation": 180, "texture": "#3"},
				"east": {"uv": [0, 0, 0.775, 0.8], "rotation": 270, "texture": "#3"},
				"south": {"uv": [0, 0, 0.9, 0.775], "texture": "#3"},
				"west": {"uv": [0, 0, 0.775, 0.8], "rotation": 90, "texture": "#3"},
				"up": {"uv": [0, 0, 0.9, 0.8], "rotation": 180, "texture": "#3"},
				"down": {"uv": [0, 0, 0.9, 0.8], "texture": "#3"}
			}
		},
		{
			"from": [8.55, -2.13806, 3.71637],
			"to": [9.45, -1.36306, 4.51637],
			"rotation": {"angle": -45, "axis": "x", "origin": [8.99992, -0.30747, 8.95058]},
			"faces": {
				"north": {"uv": [0.9, 0.775, 1.8, 1.55], "texture": "#3"},
				"east": {"uv": [0.775, 0.8, 1.55, 1.6], "rotation": 270, "texture": "#3"},
				"south": {"uv": [0.9, 0.775, 1.8, 1.55], "rotation": 180, "texture": "#3"},
				"west": {"uv": [0.775, 0.8, 1.55, 1.6], "rotation": 90, "texture": "#3"},
				"up": {"uv": [1.8, 0, 2.7, 0.8], "texture": "#3"},
				"down": {"uv": [1.8, 0, 2.7, 0.8], "rotation": 180, "texture": "#3"}
			}
		},
		{
			"from": [8.55, -3.96627, 7.27708],
			"to": [9.45, -3.16627, 8.05208],
			"rotation": {"angle": -45, "axis": "x", "origin": [8.99992, -0.30747, 8.95058]},
			"faces": {
				"north": {"uv": [0, 0, 0.9, 0.8], "texture": "#3"},
				"east": {"uv": [0, 0, 0.775, 0.8], "texture": "#3"},
				"south": {"uv": [0, 0, 0.9, 0.8], "texture": "#3"},
				"west": {"uv": [0, 0, 0.775, 0.8], "texture": "#3"},
				"up": {"uv": [0, 0, 0.9, 0.775], "texture": "#3"},
				"down": {"uv": [0, 0, 0.9, 0.775], "texture": "#3"}
			}
		},
		{
			"from": [8.55, -5.84925, 7.42755],
			"to": [9.45, -5.34925, 8.20255],
			"rotation": {"angle": -45, "axis": "x", "origin": [8.99992, -0.30747, 8.95058]},
			"faces": {
				"north": {"uv": [0, 0.5, 0.9, 1], "texture": "#3"},
				"east": {"uv": [0.975, 0, 1.75, 0.5], "rotation": 180, "texture": "#3"},
				"south": {"uv": [0, 0.5, 0.9, 1], "texture": "#3"},
				"west": {"uv": [0.975, 0, 1.75, 0.5], "rotation": 180, "texture": "#3"},
				"up": {"uv": [0, 0.975, 0.9, 1.75], "texture": "#3"},
				"down": {"uv": [0, 0.975, 0.9, 1.75], "texture": "#3"}
			}
		},
		{
			"from": [8.55, -1.36161, 4.21783],
			"to": [9.45, -0.86161, 4.99283],
			"rotation": {"angle": -45, "axis": "x", "origin": [8.99992, -0.30747, 8.95058]},
			"faces": {
				"north": {"uv": [1.8, 0.5, 2.7, 1], "rotation": 180, "texture": "#3"},
				"east": {"uv": [1.75, 0.5, 2.525, 1], "rotation": 180, "texture": "#3"},
				"south": {"uv": [1.8, 0.5, 2.7, 1], "rotation": 180, "texture": "#3"},
				"west": {"uv": [1.75, 0.5, 2.525, 1], "rotation": 180, "texture": "#3"},
				"up": {"uv": [0.9, 1.75, 1.8, 2.525], "rotation": 180, "texture": "#3"},
				"down": {"uv": [0.9, 1.75, 1.8, 2.525], "rotation": 180, "texture": "#3"}
			}
		},
		{
			"from": [8.55, -4.44272, 8.05354],
			"to": [9.45, -3.66772, 8.55354],
			"rotation": {"angle": -45, "axis": "x", "origin": [8.99992, -0.30747, 8.95058]},
			"faces": {
				"north": {"uv": [0, 0.975, 0.9, 1.75], "rotation": 180, "texture": "#3"},
				"east": {"uv": [0.975, 0, 1.75, 0.5], "rotation": 270, "texture": "#3"},
				"south": {"uv": [0, 0.975, 0.9, 1.75], "texture": "#3"},
				"west": {"uv": [0.975, 0, 1.75, 0.5], "rotation": 90, "texture": "#3"},
				"up": {"uv": [0, 0.5, 0.9, 1], "texture": "#3"},
				"down": {"uv": [0, 0.5, 0.9, 1], "rotation": 180, "texture": "#3"}
			}
		},
		{
			"from": [8.55112, -4.74405, 11.8352],
			"to": [9.44812, -4.04405, 12.3352],
			"rotation": {"angle": 0, "axis": "x", "origin": [8.99992, -0.30747, 8.95058]},
			"faces": {
				"north": {"uv": [0, 0.975, 0.897, 1.675], "rotation": 180, "texture": "#3"},
				"east": {"uv": [0.975, 0, 1.675, 0.5], "rotation": 270, "texture": "#3"},
				"south": {"uv": [0, 0.975, 0.897, 1.675], "texture": "#3"},
				"west": {"uv": [0.975, 0, 1.675, 0.5], "rotation": 90, "texture": "#3"},
				"up": {"uv": [0, 0.5, 0.897, 1], "texture": "#3"},
				"down": {"uv": [0, 0.5, 0.897, 1], "rotation": 180, "texture": "#3"}
			}
		},
		{
			"from": [8.55112, -4.75685, 6.00092],
			"to": [9.44812, -4.05685, 6.50092],
			"rotation": {"angle": 0, "axis": "x", "origin": [8.99992, -0.30747, 8.95058]},
			"faces": {
				"north": {"uv": [0.897, 1.675, 1.794, 2.375], "texture": "#3"},
				"east": {"uv": [1.675, 0.5, 2.375, 1], "rotation": 270, "texture": "#3"},
				"south": {"uv": [0.897, 1.675, 1.794, 2.375], "rotation": 180, "texture": "#3"},
				"west": {"uv": [1.675, 0.5, 2.375, 1], "rotation": 90, "texture": "#3"},
				"up": {"uv": [1.794, 0.5, 2.691, 1], "rotation": 180, "texture": "#3"},
				"down": {"uv": [1.794, 0.5, 2.691, 1], "texture": "#3"}
			}
		},
		{
			"from": [8.55112, -3.46935, 10.3349],
			"to": [9.44812, -2.96935, 11.0349],
			"rotation": {"angle": 0, "axis": "x", "origin": [8.99992, -0.30747, 8.95058]},
			"faces": {
				"north": {"uv": [0, 0.5, 0.897, 1], "rotation": 180, "texture": "#3"},
				"east": {"uv": [0.975, 0, 1.675, 0.5], "texture": "#3"},
				"south": {"uv": [0, 0.5, 0.897, 1], "rotation": 180, "texture": "#3"},
				"west": {"uv": [0.975, 0, 1.675, 0.5], "texture": "#3"},
				"up": {"uv": [0, 0.975, 0.897, 1.675], "texture": "#3"},
				"down": {"uv": [0, 0.975, 0.897, 1.675], "texture": "#3"}
			}
		},
		{
			"from": [8.65, -4.52545, 10.66806],
			"to": [9.35, -2.52545, 11.66806],
			"rotation": {"angle": 0, "axis": "x", "origin": [8.99992, -0.30747, 8.95058]},
			"faces": {
				"north": {"uv": [0, 0, 0.7, 2], "rotation": 180, "texture": "#3"},
				"east": {"uv": [0, 0, 2, 1], "rotation": 270, "texture": "#3"},
				"south": {"uv": [0, 0, 0.7, 2], "texture": "#3"},
				"west": {"uv": [0, 0, 2, 1], "rotation": 90, "texture": "#3"},
				"up": {"uv": [0, 0, 0.7, 1], "rotation": 180, "texture": "#3"},
				"down": {"uv": [0, 0, 0.7, 1], "texture": "#3"}
			}
		},
		{
			"from": [8.744, -4.87045, 10.80906],
			"to": [9.256, -2.55045, 11.96906],
			"rotation": {"angle": 0, "axis": "x", "origin": [8.99992, -0.30747, 8.95058]},
			"faces": {
				"north": {"uv": [0, 0, 0.7, 2], "rotation": 180, "texture": "#2"},
				"east": {"uv": [0, 0, 2, 1], "rotation": 270, "texture": "#2"},
				"south": {"uv": [0, 0, 0.7, 2], "texture": "#2"},
				"west": {"uv": [0, 0, 2, 1], "rotation": 90, "texture": "#2"},
				"up": {"uv": [0, 0, 0.7, 1], "rotation": 180, "texture": "#2"},
				"down": {"uv": [0, 0, 0.7, 1], "texture": "#2"}
			}
		},
		{
			"from": [8.86104, -4.27065, 10.99762],
			"to": [9.13896, -2.57945, 12.34322],
			"rotation": {"angle": 0, "axis": "x", "origin": [8.99992, -0.30747, 8.95058]},
			"faces": {
				"north": {"uv": [0, 0, 0.7, 2], "rotation": 180, "texture": "#2"},
				"east": {"uv": [0, 0, 2, 1], "rotation": 270, "texture": "#2"},
				"south": {"uv": [0, 0, 0.7, 2], "texture": "#2"},
				"west": {"uv": [0, 0, 2, 1], "rotation": 90, "texture": "#2"},
				"up": {"uv": [0, 0, 0.7, 1], "rotation": 180, "texture": "#2"},
				"down": {"uv": [0, 0, 0.7, 1], "texture": "#2"}
			}
		},
		{
			"from": [8.65, -5.82905, 9.70493],
			"to": [9.35, -5.07905, 11.70493],
			"rotation": {"angle": -22.5, "axis": "x", "origin": [8.99992, -0.30747, 8.95058]},
			"faces": {
				"north": {"uv": [0, 0, 0.7, 0.75], "rotation": 180, "texture": "#3"},
				"east": {"uv": [0, 0, 2, 0.75], "rotation": 180, "texture": "#3"},
				"south": {"uv": [0, 0, 0.7, 0.75], "rotation": 180, "texture": "#3"},
				"west": {"uv": [0, 0, 2, 0.75], "rotation": 180, "texture": "#3"},
				"up": {"uv": [0, 0, 0.7, 2], "texture": "#3"},
				"down": {"uv": [0, 0, 0.7, 2], "texture": "#3"}
			}
		},
		{
			"from": [8.819, -5.99413, 9.65364],
			"to": [9.181, -5.12413, 11.97364],
			"rotation": {"angle": -22.5, "axis": "x", "origin": [8.99992, -0.30747, 8.95058]},
			"faces": {
				"north": {"uv": [0, 0, 0.7, 0.75], "rotation": 180, "texture": "#2"},
				"east": {"uv": [0, 0, 2, 0.75], "rotation": 180, "texture": "#2"},
				"south": {"uv": [0, 0, 0.7, 0.75], "rotation": 180, "texture": "#2"},
				"west": {"uv": [0, 0, 2, 0.75], "rotation": 180, "texture": "#2"},
				"up": {"uv": [0, 0, 0.7, 2], "texture": "#2"},
				"down": {"uv": [0, 0, 0.7, 2], "texture": "#2"}
			}
		},
		{
			"from": [8.65, -6.46492, 9.36613],
			"to": [9.35, -6.03992, 9.79113],
			"rotation": {"angle": -45, "axis": "x", "origin": [8.99992, -0.30747, 8.95058]},
			"faces": {
				"north": {"uv": [0, 0, 0.7, 0.425], "rotation": 180, "texture": "#3"},
				"east": {"uv": [0, 0, 0.425, 0.425], "rotation": 180, "texture": "#3"},
				"south": {"uv": [0, 0, 0.7, 0.425], "rotation": 180, "texture": "#3"},
				"west": {"uv": [0, 0, 0.425, 0.425], "rotation": 180, "texture": "#3"},
				"up": {"uv": [0, 0, 0.7, 0.425], "texture": "#3"},
				"down": {"uv": [0, 0, 0.7, 0.425], "texture": "#3"}
			}
		},
		{
			"from": [8.819, -6.72061, 9.54864],
			"to": [9.181, -6.22761, 10.04164],
			"rotation": {"angle": -45, "axis": "x", "origin": [8.99992, -0.30747, 8.95058]},
			"faces": {
				"north": {"uv": [0, 0, 0.7, 0.425], "rotation": 180, "texture": "#2"},
				"east": {"uv": [0, 0, 0.425, 0.425], "rotation": 180, "texture": "#2"},
				"south": {"uv": [0, 0, 0.7, 0.425], "rotation": 180, "texture": "#2"},
				"west": {"uv": [0, 0, 0.425, 0.425], "rotation": 180, "texture": "#2"},
				"up": {"uv": [0, 0, 0.7, 0.425], "texture": "#2"},
				"down": {"uv": [0, 0, 0.7, 0.425], "texture": "#2"}
			}
		},
		{
			"from": [8.65, -2.47511, 12.32924],
			"to": [9.35, -1.72511, 14.57924],
			"rotation": {"angle": 22.5, "axis": "x", "origin": [8.99992, -0.30747, 8.95058]},
			"faces": {
				"north": {"uv": [0, 0.75, 0.7, 1.5], "rotation": 180, "texture": "#3"},
				"east": {"uv": [0, 0.75, 2.25, 1.5], "rotation": 180, "texture": "#3"},
				"south": {"uv": [0, 0.75, 0.7, 1.5], "rotation": 180, "texture": "#3"},
				"west": {"uv": [0, 0.75, 2.25, 1.5], "rotation": 180, "texture": "#3"},
				"up": {"uv": [0, 2, 0.7, 4.25], "texture": "#3"},
				"down": {"uv": [0, 2, 0.7, 4.25], "texture": "#3"}
			}
		},
		{
			"from": [8.819, -2.43557, 12.24025],
			"to": [9.181, -1.56557, 14.85025],
			"rotation": {"angle": 22.5, "axis": "x", "origin": [8.99992, -0.30747, 8.95058]},
			"faces": {
				"north": {"uv": [0, 0.75, 0.7, 1.5], "rotation": 180, "texture": "#2"},
				"east": {"uv": [0, 0.75, 2.25, 1.5], "rotation": 180, "texture": "#2"},
				"south": {"uv": [0, 0.75, 0.7, 1.5], "rotation": 180, "texture": "#2"},
				"west": {"uv": [0, 0.75, 2.25, 1.5], "rotation": 180, "texture": "#2"},
				"up": {"uv": [0, 2, 0.7, 4.25], "texture": "#2"},
				"down": {"uv": [0, 2, 0.7, 4.25], "texture": "#2"}
			}
		},
		{
			"from": [8.65, -1.77545, 7.96806],
			"to": [9.35, -0.77545, 9.91806],
			"rotation": {"angle": 0, "axis": "x", "origin": [8.99992, -0.30747, 8.95058]},
			"faces": {
				"north": {"uv": [0.7, 1, 1.4, 2], "rotation": 180, "texture": "#3"},
				"east": {"uv": [2, 1, 3.95, 2], "rotation": 180, "texture": "#3"},
				"south": {"uv": [0.7, 1, 1.4, 2], "rotation": 180, "texture": "#3"},
				"west": {"uv": [2, 1, 3.95, 2], "rotation": 180, "texture": "#3"},
				"up": {"uv": [0.7, 2, 1.4, 3.95], "rotation": 180, "texture": "#3"},
				"down": {"uv": [0.7, 2, 1.4, 3.95], "rotation": 180, "texture": "#3"}
			}
		},
		{
			"from": [8.744, -1.68045, 7.67706],
			"to": [9.256, -0.52045, 9.93906],
			"rotation": {"angle": 0, "axis": "x", "origin": [8.99992, -0.30747, 8.95058]},
			"faces": {
				"north": {"uv": [0.7, 1, 1.4, 2], "rotation": 180, "texture": "#3"},
				"east": {"uv": [2, 1, 3.95, 2], "rotation": 180, "texture": "#3"},
				"south": {"uv": [0.7, 1, 1.4, 2], "rotation": 180, "texture": "#3"},
				"west": {"uv": [2, 1, 3.95, 2], "rotation": 180, "texture": "#3"},
				"up": {"uv": [0.7, 2, 1.4, 3.95], "rotation": 180, "texture": "#3"},
				"down": {"uv": [0.7, 2, 1.4, 3.95], "rotation": 180, "texture": "#3"}
			}
		},
		{
			"from": [8.744, -1.68045, 6.19706],
			"to": [9.256, -0.52045, 8.45906],
			"rotation": {"angle": 0, "axis": "x", "origin": [8.99992, -0.30747, 8.95058]},
			"faces": {
				"north": {"uv": [1.4, 1, 0.7, 2], "rotation": 180, "texture": "#3"},
				"east": {"uv": [3.95, 1, 2, 2], "rotation": 180, "texture": "#3"},
				"south": {"uv": [1.4, 1, 0.7, 2], "rotation": 180, "texture": "#3"},
				"west": {"uv": [3.95, 1, 2, 2], "rotation": 180, "texture": "#3"},
				"up": {"uv": [0.7, 3.95, 1.4, 2], "rotation": 180, "texture": "#3"},
				"down": {"uv": [0.7, 3.95, 1.4, 2], "rotation": 180, "texture": "#3"}
			}
		},
		{
			"from": [8.86104, -1.57025, 7.3645],
			"to": [9.13896, -0.22465, 9.98842],
			"rotation": {"angle": 0, "axis": "x", "origin": [8.99992, -0.30747, 8.95058]},
			"faces": {
				"north": {"uv": [0.7, 1, 1.4, 2], "rotation": 180, "texture": "#2"},
				"east": {"uv": [2, 1, 3.95, 2], "rotation": 180, "texture": "#2"},
				"south": {"uv": [0.7, 1, 1.4, 2], "rotation": 180, "texture": "#2"},
				"west": {"uv": [2, 1, 3.95, 2], "rotation": 180, "texture": "#2"},
				"up": {"uv": [0.7, 2, 1.4, 3.95], "rotation": 180, "texture": "#2"},
				"down": {"uv": [0.7, 2, 1.4, 3.95], "rotation": 180, "texture": "#2"}
			}
		},
		{
			"from": [8.86104, -1.57025, 6.1477],
			"to": [9.13896, -0.22465, 8.77162],
			"rotation": {"angle": 0, "axis": "x", "origin": [8.99992, -0.30747, 8.95058]},
			"faces": {
				"north": {"uv": [1.4, 1, 0.7, 2], "rotation": 180, "texture": "#2"},
				"east": {"uv": [3.95, 1, 2, 2], "rotation": 180, "texture": "#2"},
				"south": {"uv": [1.4, 1, 0.7, 2], "rotation": 180, "texture": "#2"},
				"west": {"uv": [3.95, 1, 2, 2], "rotation": 180, "texture": "#2"},
				"up": {"uv": [0.7, 3.95, 1.4, 2], "rotation": 180, "texture": "#2"},
				"down": {"uv": [0.7, 3.95, 1.4, 2], "rotation": 180, "texture": "#2"}
			}
		},
		{
			"from": [8.65, -1.77545, 6.21806],
			"to": [9.35, -0.77545, 8.16806],
			"rotation": {"angle": 0, "axis": "x", "origin": [8.99992, -0.30747, 8.95058]},
			"faces": {
				"north": {"uv": [0.7, 1, 1.4, 2], "rotation": 180, "texture": "#3"},
				"east": {"uv": [2, 1, 3.95, 2], "rotation": 180, "texture": "#3"},
				"south": {"uv": [0.7, 1, 1.4, 2], "rotation": 180, "texture": "#3"},
				"west": {"uv": [2, 1, 3.95, 2], "rotation": 180, "texture": "#3"},
				"up": {"uv": [0.7, 2, 1.4, 3.95], "rotation": 180, "texture": "#3"},
				"down": {"uv": [0.7, 2, 1.4, 3.95], "rotation": 180, "texture": "#3"}
			}
		},
		{
			"from": [8.65, -1.55607, 8.69447],
			"to": [9.35, -0.70607, 10.54447],
			"rotation": {"angle": -45, "axis": "x", "origin": [8.99992, -0.30747, 8.95058]},
			"faces": {
				"north": {"uv": [0.7, 1, 1.4, 1.85], "rotation": 180, "texture": "#3"},
				"east": {"uv": [2, 1, 3.85, 1.85], "rotation": 180, "texture": "#3"},
				"south": {"uv": [0.7, 1, 1.4, 1.85], "rotation": 180, "texture": "#3"},
				"west": {"uv": [2, 1, 3.85, 1.85], "rotation": 180, "texture": "#3"},
				"up": {"uv": [0.7, 2, 1.4, 3.85], "rotation": 180, "texture": "#3"},
				"down": {"uv": [0.7, 2, 1.4, 3.85], "rotation": 180, "texture": "#3"}
			}
		},
		{
			"from": [8.819, -1.55173, 8.63304],
			"to": [9.181, -0.56573, 10.77904],
			"rotation": {"angle": -45, "axis": "x", "origin": [8.99992, -0.30747, 8.95058]},
			"faces": {
				"north": {"uv": [0.7, 1, 1.4, 1.85], "rotation": 180, "texture": "#2"},
				"east": {"uv": [2, 1, 3.85, 1.85], "rotation": 180, "texture": "#2"},
				"south": {"uv": [0.7, 1, 1.4, 1.85], "rotation": 180, "texture": "#2"},
				"west": {"uv": [2, 1, 3.85, 1.85], "rotation": 180, "texture": "#2"},
				"up": {"uv": [0.7, 2, 1.4, 3.85], "rotation": 180, "texture": "#2"},
				"down": {"uv": [0.7, 2, 1.4, 3.85], "rotation": 180, "texture": "#2"}
			}
		},
		{
			"from": [8.819, 0.62306, 6.45825],
			"to": [9.181, 2.76906, 7.44425],
			"rotation": {"angle": -45, "axis": "x", "origin": [8.99992, -0.30747, 8.95058]},
			"faces": {
				"north": {"uv": [1.4, 2, 0.7, 3.85], "rotation": 180, "texture": "#2"},
				"east": {"uv": [2, 1.85, 3.85, 1], "rotation": 270, "texture": "#2"},
				"south": {"uv": [1.4, 2, 0.7, 3.85], "texture": "#2"},
				"west": {"uv": [2, 1.85, 3.85, 1], "rotation": 90, "texture": "#2"},
				"up": {"uv": [0.7, 1.85, 1.4, 1], "rotation": 180, "texture": "#2"},
				"down": {"uv": [0.7, 1.85, 1.4, 1], "texture": "#2"}
			}
		},
		{
			"from": [8.65, 0.68449, 6.45391],
			"to": [9.35, 2.53449, 7.30391],
			"rotation": {"angle": -45, "axis": "x", "origin": [8.99992, -0.30747, 8.95058]},
			"faces": {
				"north": {"uv": [0.7, 2, 1.4, 3.85], "rotation": 180, "texture": "#3"},
				"east": {"uv": [2, 1, 3.85, 1.85], "rotation": 90, "texture": "#3"},
				"south": {"uv": [0.7, 2, 1.4, 3.85], "texture": "#3"},
				"west": {"uv": [2, 1, 3.85, 1.85], "rotation": 270, "texture": "#3"},
				"up": {"uv": [1.4, 1.85, 0.7, 1], "rotation": 180, "texture": "#3"},
				"down": {"uv": [1.4, 1.85, 0.7, 1], "texture": "#3"}
			}
		},
		{
			"from": [8.65, -1.62978, 10.11209],
			"to": [9.35, 0.27022, 10.98709],
			"rotation": {"angle": 0, "axis": "x", "origin": [8.99992, -0.30747, 8.95058]},
			"faces": {
				"north": {"uv": [0.7, 2, 1.4, 3.9], "texture": "#3"},
				"east": {"uv": [2, 1, 3.9, 1.875], "rotation": 270, "texture": "#3"},
				"south": {"uv": [0.7, 2, 1.4, 3.9], "rotation": 180, "texture": "#3"},
				"west": {"uv": [2, 1, 3.9, 1.875], "rotation": 90, "texture": "#3"},
				"up": {"uv": [0.7, 1, 1.4, 1.875], "rotation": 180, "texture": "#3"},
				"down": {"uv": [0.7, 1, 1.4, 1.875], "texture": "#3"}
			}
		},
		{
			"from": [8.819, -1.71147, 10.13913],
			"to": [9.181, 0.49253, 11.15413],
			"rotation": {"angle": 0, "axis": "x", "origin": [8.99992, -0.30747, 8.95058]},
			"faces": {
				"north": {"uv": [0.7, 2, 1.4, 3.9], "texture": "#2"},
				"east": {"uv": [2, 1, 3.9, 1.875], "rotation": 270, "texture": "#2"},
				"south": {"uv": [0.7, 2, 1.4, 3.9], "rotation": 180, "texture": "#2"},
				"west": {"uv": [2, 1, 3.9, 1.875], "rotation": 90, "texture": "#2"},
				"up": {"uv": [0.7, 1, 1.4, 1.875], "rotation": 180, "texture": "#2"},
				"down": {"uv": [0.7, 1, 1.4, 1.875], "texture": "#2"}
			}
		},
		{
			"from": [8.819, -1.71147, 4.98199],
			"to": [9.181, 0.49253, 5.99699],
			"rotation": {"angle": 0, "axis": "x", "origin": [8.99992, -0.30747, 8.95058]},
			"faces": {
				"north": {"uv": [1.4, 2, 0.7, 3.9], "rotation": 180, "texture": "#2"},
				"east": {"uv": [2, 1.875, 3.9, 1], "rotation": 270, "texture": "#2"},
				"south": {"uv": [1.4, 2, 0.7, 3.9], "texture": "#2"},
				"west": {"uv": [2, 1.875, 3.9, 1], "rotation": 90, "texture": "#2"},
				"up": {"uv": [0.7, 1.875, 1.4, 1], "rotation": 180, "texture": "#2"},
				"down": {"uv": [0.7, 1.875, 1.4, 1], "texture": "#2"}
			}
		},
		{
			"from": [8.65, -1.62978, 5.14903],
			"to": [9.35, 0.27022, 6.02403],
			"rotation": {"angle": 0, "axis": "x", "origin": [8.99992, -0.30747, 8.95058]},
			"faces": {
				"north": {"uv": [0.7, 2, 1.4, 3.9], "rotation": 180, "texture": "#3"},
				"east": {"uv": [2, 1, 3.9, 1.875], "rotation": 90, "texture": "#3"},
				"south": {"uv": [0.7, 2, 1.4, 3.9], "texture": "#3"},
				"west": {"uv": [2, 1, 3.9, 1.875], "rotation": 270, "texture": "#3"},
				"up": {"uv": [1.4, 1.875, 0.7, 1], "rotation": 180, "texture": "#3"},
				"down": {"uv": [1.4, 1.875, 0.7, 1], "texture": "#3"}
			}
		},
		{
			"from": [8.65, -0.54979, 10.57324],
			"to": [9.35, -0.07479, 11.04824],
			"rotation": {"angle": -22.5, "axis": "x", "origin": [8.99992, -0.30747, 8.95058]},
			"faces": {
				"north": {"uv": [0.7, 2, 1.4, 2.475], "texture": "#3"},
				"east": {"uv": [2, 1, 2.475, 1.475], "rotation": 270, "texture": "#3"},
				"south": {"uv": [0.7, 2, 1.4, 2.475], "rotation": 180, "texture": "#3"},
				"west": {"uv": [2, 1, 2.475, 1.475], "rotation": 90, "texture": "#3"},
				"up": {"uv": [0.7, 1, 1.4, 1.475], "rotation": 180, "texture": "#3"},
				"down": {"uv": [0.7, 1, 1.4, 1.475], "texture": "#3"}
			}
		},
		{
			"from": [8.819, -0.4078, 10.73585],
			"to": [9.181, 0.1432, 11.28685],
			"rotation": {"angle": -22.5, "axis": "x", "origin": [8.99992, -0.30747, 8.95058]},
			"faces": {
				"north": {"uv": [0.7, 2, 1.4, 2.475], "texture": "#2"},
				"east": {"uv": [2, 1, 2.475, 1.475], "rotation": 270, "texture": "#2"},
				"south": {"uv": [0.7, 2, 1.4, 2.475], "rotation": 180, "texture": "#2"},
				"west": {"uv": [2, 1, 2.475, 1.475], "rotation": 90, "texture": "#2"},
				"up": {"uv": [0.7, 1, 1.4, 1.475], "rotation": 180, "texture": "#2"},
				"down": {"uv": [0.7, 1, 1.4, 1.475], "texture": "#2"}
			}
		},
		{
			"from": [8.819, -1.08325, 4.98362],
			"to": [9.181, -0.53225, 5.53462],
			"rotation": {"angle": 22.5, "axis": "x", "origin": [8.99992, -0.30747, 8.95058]},
			"faces": {
				"north": {"uv": [1.4, 2, 0.7, 2.475], "rotation": 180, "texture": "#2"},
				"east": {"uv": [2, 1.475, 2.475, 1], "rotation": 270, "texture": "#2"},
				"south": {"uv": [1.4, 2, 0.7, 2.475], "texture": "#2"},
				"west": {"uv": [2, 1.475, 2.475, 1], "rotation": 90, "texture": "#2"},
				"up": {"uv": [0.7, 1.475, 1.4, 1], "rotation": 180, "texture": "#2"},
				"down": {"uv": [0.7, 1.475, 1.4, 1], "texture": "#2"}
			}
		},
		{
			"from": [8.65, -1.22524, 5.22223],
			"to": [9.35, -0.75024, 5.69723],
			"rotation": {"angle": 22.5, "axis": "x", "origin": [8.99992, -0.30747, 8.95058]},
			"faces": {
				"north": {"uv": [0.7, 2, 1.4, 2.475], "rotation": 180, "texture": "#3"},
				"east": {"uv": [2, 1, 2.475, 1.475], "rotation": 90, "texture": "#3"},
				"south": {"uv": [0.7, 2, 1.4, 2.475], "texture": "#3"},
				"west": {"uv": [2, 1, 2.475, 1.475], "rotation": 270, "texture": "#3"},
				"up": {"uv": [1.4, 1.475, 0.7, 1], "rotation": 180, "texture": "#3"},
				"down": {"uv": [1.4, 1.475, 0.7, 1], "texture": "#3"}
			}
		},
		{
			"from": [8.65, -0.80045, 7.06806],
			"to": [9.35, 27.67455, 9.06806],
			"rotation": {"angle": 0, "axis": "x", "origin": [8.99992, -0.30747, 8.95058]},
			"faces": {
				"north": {"uv": [0.7, 0, 1.4, 16], "rotation": 180, "texture": "#3"},
				"east": {"uv": [2, 0, 4, 16], "rotation": 180, "texture": "#3"},
				"south": {"uv": [0.7, 0, 1.4, 16], "rotation": 180, "texture": "#3"},
				"west": {"uv": [2, 0, 4, 16], "rotation": 180, "texture": "#3"},
				"up": {"uv": [0.7, 2, 1.4, 4], "rotation": 180, "texture": "#3"},
				"down": {"uv": [0.7, 2, 1.4, 4], "rotation": 180, "texture": "#3"}
			}
		},
		{
			"from": [8.794, -0.92045, 6.90806],
			"to": [9.206, 27.59955, 9.22806],
			"rotation": {"angle": 0, "axis": "x", "origin": [8.99992, -0.30747, 8.95058]},
			"faces": {
				"north": {"uv": [0.7, 0, 1.4, 16], "rotation": 180, "texture": "#2"},
				"east": {"uv": [2, 0, 4, 16], "rotation": 180, "texture": "#2"},
				"south": {"uv": [0.7, 0, 1.4, 16], "rotation": 180, "texture": "#2"},
				"west": {"uv": [2, 0, 4, 16], "rotation": 180, "texture": "#2"},
				"up": {"uv": [0.7, 2, 1.4, 4], "rotation": 180, "texture": "#2"},
				"down": {"uv": [0.7, 2, 1.4, 4], "rotation": 180, "texture": "#2"}
			}
		},
		{
			"from": [8.88604, -0.81765, 6.72246],
			"to": [9.11396, 27.53755, 9.41366],
			"rotation": {"angle": 0, "axis": "x", "origin": [8.99992, -0.30747, 8.95058]},
			"faces": {
				"north": {"uv": [0.7, 0, 1.4, 16], "rotation": 180, "texture": "#2"},
				"east": {"uv": [2, 0, 4, 16], "rotation": 180, "texture": "#2"},
				"south": {"uv": [0.7, 0, 1.4, 16], "rotation": 180, "texture": "#2"},
				"west": {"uv": [2, 0, 4, 16], "rotation": 180, "texture": "#2"},
				"up": {"uv": [0.7, 2, 1.4, 4], "rotation": 180, "texture": "#2"},
				"down": {"uv": [0.7, 2, 1.4, 4], "rotation": 180, "texture": "#2"}
			}
		},
		{
			"from": [8.65, 24.82414, -3.4969],
			"to": [9.35, 26.49914, -2.5719],
			"rotation": {"angle": 22.5, "axis": "x", "origin": [8.99992, -0.30747, 8.95058]},
			"faces": {
				"north": {"uv": [0.7, 0, 1.4, 1.675], "rotation": 180, "texture": "#3"},
				"east": {"uv": [2, 0, 2.925, 1.675], "rotation": 180, "texture": "#3"},
				"south": {"uv": [0.7, 0, 1.4, 1.675], "rotation": 180, "texture": "#3"},
				"west": {"uv": [2, 0, 2.925, 1.675], "rotation": 180, "texture": "#3"},
				"up": {"uv": [0.7, 2, 1.4, 2.925], "rotation": 180, "texture": "#3"},
				"down": {"uv": [0.7, 2, 1.4, 2.925], "rotation": 180, "texture": "#3"}
			}
		},
		{
			"from": [8.794, 24.69362, -3.61602],
			"to": [9.206, 26.63662, -2.54302],
			"rotation": {"angle": 22.5, "axis": "x", "origin": [8.99992, -0.30747, 8.95058]},
			"faces": {
				"north": {"uv": [0.7, 0, 1.4, 1.675], "rotation": 180, "texture": "#2"},
				"east": {"uv": [2, 0, 2.925, 1.675], "rotation": 180, "texture": "#2"},
				"south": {"uv": [0.7, 0, 1.4, 1.675], "rotation": 180, "texture": "#2"},
				"west": {"uv": [2, 0, 2.925, 1.675], "rotation": 180, "texture": "#2"},
				"up": {"uv": [0.7, 2, 1.4, 2.925], "rotation": 180, "texture": "#2"},
				"down": {"uv": [0.7, 2, 1.4, 2.925], "rotation": 180, "texture": "#2"}
			}
		},
		{
			"from": [8.88604, 24.56531, -3.76377],
			"to": [9.11396, 26.81919, -2.51909],
			"rotation": {"angle": 22.5, "axis": "x", "origin": [8.99992, -0.30747, 8.95058]},
			"faces": {
				"north": {"uv": [0.7, 0, 1.4, 1.675], "rotation": 180, "texture": "#2"},
				"east": {"uv": [2, 0, 2.925, 1.675], "rotation": 180, "texture": "#2"},
				"south": {"uv": [0.7, 0, 1.4, 1.675], "rotation": 180, "texture": "#2"},
				"west": {"uv": [2, 0, 2.925, 1.675], "rotation": 180, "texture": "#2"},
				"up": {"uv": [0.7, 2, 1.4, 2.925], "rotation": 180, "texture": "#2"},
				"down": {"uv": [0.7, 2, 1.4, 2.925], "rotation": 180, "texture": "#2"}
			}
		},
		{
			"from": [8.65, 20.93299, 28.94477],
			"to": [9.35, 21.45299, 29.46477],
			"rotation": {"angle": -45, "axis": "x", "origin": [8.99992, -0.30747, 8.95058]},
			"faces": {
				"north": {"uv": [0.7, 2, 1.4, 2.52], "texture": "#3"},
				"east": {"uv": [2, 0, 2.52, 0.52], "rotation": 90, "texture": "#3"},
				"south": {"uv": [0.7, 2, 1.4, 2.52], "rotation": 180, "texture": "#3"},
				"west": {"uv": [2, 0, 2.52, 0.52], "rotation": 270, "texture": "#3"},
				"up": {"uv": [0.7, 0, 1.4, 0.52], "texture": "#3"},
				"down": {"uv": [0.7, 0, 1.4, 0.52], "rotation": 180, "texture": "#3"}
			}
		},
		{
			"from": [8.794, 21.01279, 29.02485],
			"to": [9.206, 21.61599, 29.62805],
			"rotation": {"angle": -45, "axis": "x", "origin": [8.99992, -0.30747, 8.95058]},
			"faces": {
				"north": {"uv": [0.7, 2, 1.4, 2.52], "texture": "#2"},
				"east": {"uv": [2, 0, 2.52, 0.52], "rotation": 90, "texture": "#2"},
				"south": {"uv": [0.7, 2, 1.4, 2.52], "rotation": 180, "texture": "#2"},
				"west": {"uv": [2, 0, 2.52, 0.52], "rotation": 270, "texture": "#2"},
				"up": {"uv": [0.7, 0, 1.4, 0.52], "texture": "#2"},
				"down": {"uv": [0.7, 0, 1.4, 0.52], "rotation": 180, "texture": "#2"}
			}
		},
		{
			"from": [8.88604, 21.12302, 29.13542],
			"to": [9.11396, 21.82273, 29.83513],
			"rotation": {"angle": -45, "axis": "x", "origin": [8.99992, -0.30747, 8.95058]},
			"faces": {
				"north": {"uv": [0.7, 2, 1.4, 2.52], "texture": "#2"},
				"east": {"uv": [2, 0, 2.52, 0.52], "rotation": 90, "texture": "#2"},
				"south": {"uv": [0.7, 2, 1.4, 2.52], "rotation": 180, "texture": "#2"},
				"west": {"uv": [2, 0, 2.52, 0.52], "rotation": 270, "texture": "#2"},
				"up": {"uv": [0.7, 0, 1.4, 0.52], "texture": "#2"},
				"down": {"uv": [0.7, 0, 1.4, 0.52], "rotation": 180, "texture": "#2"}
			}
		},
		{
			"from": [8.65, 25.49959, 18.84237],
			"to": [9.35, 27.17459, 19.76737],
			"rotation": {"angle": -22.5, "axis": "x", "origin": [8.99992, -0.30747, 8.95058]},
			"faces": {
				"north": {"uv": [1.4, 0, 2.1, 1.675], "rotation": 180, "texture": "#3"},
				"east": {"uv": [3, 0, 3.925, 1.675], "rotation": 180, "texture": "#3"},
				"south": {"uv": [1.4, 0, 2.1, 1.675], "rotation": 180, "texture": "#3"},
				"west": {"uv": [3, 0, 3.925, 1.675], "rotation": 180, "texture": "#3"},
				"up": {"uv": [0.7, 3, 1.4, 3.925], "rotation": 180, "texture": "#3"},
				"down": {"uv": [0.7, 3, 1.4, 3.925], "rotation": 180, "texture": "#3"}
			}
		},
		{
			"from": [8.794, 25.36907, 18.81349],
			"to": [9.206, 27.31207, 19.88649],
			"rotation": {"angle": -22.5, "axis": "x", "origin": [8.99992, -0.30747, 8.95058]},
			"faces": {
				"north": {"uv": [1.4, 0, 2.1, 1.675], "rotation": 180, "texture": "#2"},
				"east": {"uv": [3, 0, 3.925, 1.675], "rotation": 180, "texture": "#2"},
				"south": {"uv": [1.4, 0, 2.1, 1.675], "rotation": 180, "texture": "#2"},
				"west": {"uv": [3, 0, 3.925, 1.675], "rotation": 180, "texture": "#2"},
				"up": {"uv": [0.7, 3, 1.4, 3.925], "rotation": 180, "texture": "#2"},
				"down": {"uv": [0.7, 3, 1.4, 3.925], "rotation": 180, "texture": "#2"}
			}
		},
		{
			"from": [8.88604, 25.24077, 18.78956],
			"to": [9.11396, 27.49465, 20.03424],
			"rotation": {"angle": -22.5, "axis": "x", "origin": [8.99992, -0.30747, 8.95058]},
			"faces": {
				"north": {"uv": [1.4, 0, 2.1, 1.675], "rotation": 180, "texture": "#2"},
				"east": {"uv": [3, 0, 3.925, 1.675], "rotation": 180, "texture": "#2"},
				"south": {"uv": [1.4, 0, 2.1, 1.675], "rotation": 180, "texture": "#2"},
				"west": {"uv": [3, 0, 3.925, 1.675], "rotation": 180, "texture": "#2"},
				"up": {"uv": [0.7, 3, 1.4, 3.925], "rotation": 180, "texture": "#2"},
				"down": {"uv": [0.7, 3, 1.4, 3.925], "rotation": 180, "texture": "#2"}
			}
		},
		{
			"from": [8.65, -3.39655, 9.61242],
			"to": [9.35, -2.64655, 10.61242],
			"rotation": {"angle": -22.5, "axis": "x", "origin": [8.99992, -0.30747, 8.95058]},
			"faces": {
				"north": {"uv": [0, 0, 0.7, 0.75], "rotation": 180, "texture": "#3"},
				"east": {"uv": [0, 0, 0.75, 1], "rotation": 270, "texture": "#3"},
				"south": {"uv": [0, 0, 0.7, 0.75], "texture": "#3"},
				"west": {"uv": [0, 0, 0.75, 1], "rotation": 90, "texture": "#3"},
				"up": {"uv": [0, 0, 0.7, 1], "rotation": 180, "texture": "#3"},
				"down": {"uv": [0, 0, 0.7, 1], "texture": "#3"}
			}
		},
		{
			"from": [8.744, -3.53483, 9.72094],
			"to": [9.256, -2.66483, 10.88094],
			"rotation": {"angle": -22.5, "axis": "x", "origin": [8.99992, -0.30747, 8.95058]},
			"faces": {
				"north": {"uv": [0, 0, 0.7, 0.75], "rotation": 180, "texture": "#2"},
				"east": {"uv": [0, 0, 0.75, 1], "rotation": 270, "texture": "#2"},
				"south": {"uv": [0, 0, 0.7, 0.75], "texture": "#2"},
				"west": {"uv": [0, 0, 0.75, 1], "rotation": 90, "texture": "#2"},
				"up": {"uv": [0, 0, 0.7, 1], "rotation": 180, "texture": "#2"},
				"down": {"uv": [0, 0, 0.7, 1], "texture": "#2"}
			}
		},
		{
			"from": [8.86104, -3.70481, 9.86992],
			"to": [9.13896, -2.69561, 11.21552],
			"rotation": {"angle": -22.5, "axis": "x", "origin": [8.99992, -0.30747, 8.95058]},
			"faces": {
				"north": {"uv": [0, 0, 0.7, 0.75], "rotation": 180, "texture": "#2"},
				"east": {"uv": [0, 0, 0.75, 1], "rotation": 270, "texture": "#2"},
				"south": {"uv": [0, 0, 0.7, 0.75], "texture": "#2"},
				"west": {"uv": [0, 0, 0.75, 1], "rotation": 90, "texture": "#2"},
				"up": {"uv": [0, 0, 0.7, 1], "rotation": 180, "texture": "#2"},
				"down": {"uv": [0, 0, 0.7, 1], "texture": "#2"}
			}
		},
		{
			"from": [8.65, -1.36959, 10.0235],
			"to": [9.35, -0.36959, 10.7735],
			"rotation": {"angle": 22.5, "axis": "x", "origin": [8.99992, -0.30747, 8.95058]},
			"faces": {
				"north": {"uv": [0, 1, 0.7, 2], "rotation": 180, "texture": "#3"},
				"east": {"uv": [0, 1, 0.75, 2], "rotation": 180, "texture": "#3"},
				"south": {"uv": [0, 1, 0.7, 2], "rotation": 180, "texture": "#3"},
				"west": {"uv": [0, 1, 0.75, 2], "rotation": 180, "texture": "#3"},
				"up": {"uv": [0.7, 0, 1.4, 0.75], "rotation": 180, "texture": "#3"},
				"down": {"uv": [0.7, 0, 1.4, 0.75], "rotation": 180, "texture": "#3"}
			}
		},
		{
			"from": [8.794, -1.28596, 9.94532],
			"to": [9.206, -0.12596, 10.81532],
			"rotation": {"angle": 22.5, "axis": "x", "origin": [8.99992, -0.30747, 8.95058]},
			"faces": {
				"north": {"uv": [0, 1, 0.7, 2], "rotation": 180, "texture": "#3"},
				"east": {"uv": [0, 1, 0.75, 2], "rotation": 180, "texture": "#3"},
				"south": {"uv": [0, 1, 0.7, 2], "rotation": 180, "texture": "#3"},
				"west": {"uv": [0, 1, 0.75, 2], "rotation": 180, "texture": "#3"},
				"up": {"uv": [0.7, 0, 1.4, 0.75], "rotation": 180, "texture": "#3"},
				"down": {"uv": [0.7, 0, 1.4, 0.75], "rotation": 180, "texture": "#3"}
			}
		},
		{
			"from": [8.86104, -1.17939, 9.87772],
			"to": [9.13896, 0.16621, 10.88692],
			"rotation": {"angle": 22.5, "axis": "x", "origin": [8.99992, -0.30747, 8.95058]},
			"faces": {
				"north": {"uv": [0, 1, 0.7, 2], "rotation": 180, "texture": "#3"},
				"east": {"uv": [0, 1, 0.75, 2], "rotation": 180, "texture": "#3"},
				"south": {"uv": [0, 1, 0.7, 2], "rotation": 180, "texture": "#3"},
				"west": {"uv": [0, 1, 0.75, 2], "rotation": 180, "texture": "#3"},
				"up": {"uv": [0.7, 0, 1.4, 0.75], "rotation": 180, "texture": "#3"},
				"down": {"uv": [0.7, 0, 1.4, 0.75], "rotation": 180, "texture": "#3"}
			}
		},
		{
			"from": [8.65, -0.69413, 5.49697],
			"to": [9.35, 0.30587, 6.24697],
			"rotation": {"angle": -22.5, "axis": "x", "origin": [8.99992, -0.30747, 8.95058]},
			"faces": {
				"north": {"uv": [0.7, 1, 1.4, 2], "rotation": 180, "texture": "#3"},
				"east": {"uv": [0.75, 1, 1.5, 2], "rotation": 180, "texture": "#3"},
				"south": {"uv": [0.7, 1, 1.4, 2], "rotation": 180, "texture": "#3"},
				"west": {"uv": [0.75, 1, 1.5, 2], "rotation": 180, "texture": "#3"},
				"up": {"uv": [0.7, 0.75, 1.4, 1.5], "rotation": 180, "texture": "#3"},
				"down": {"uv": [0.7, 0.75, 1.4, 1.5], "rotation": 180, "texture": "#3"}
			}
		},
		{
			"from": [8.65, -3.10794, 8.6043],
			"to": [9.35, -2.00794, 9.5843],
			"rotation": {"angle": -45, "axis": "x", "origin": [8.99992, -0.30747, 8.95058]},
			"faces": {
				"north": {"uv": [0, 0, 0.7, 1.1], "rotation": 180, "texture": "#3"},
				"east": {"uv": [0, 0, 1.1, 0.98], "rotation": 270, "texture": "#3"},
				"south": {"uv": [0, 0, 0.7, 1.1], "texture": "#3"},
				"west": {"uv": [0, 0, 1.1, 0.98], "rotation": 90, "texture": "#3"},
				"up": {"uv": [0, 0, 0.7, 0.98], "rotation": 180, "texture": "#3"},
				"down": {"uv": [0, 0, 0.7, 0.98], "texture": "#3"}
			}
		},
		{
			"from": [8.744, -3.22815, 8.68755],
			"to": [9.256, -1.95215, 9.82435],
			"rotation": {"angle": -45, "axis": "x", "origin": [8.99992, -0.30747, 8.95058]},
			"faces": {
				"north": {"uv": [0, 0, 0.7, 1.1], "rotation": 180, "texture": "#2"},
				"east": {"uv": [0, 0, 1.1, 0.98], "rotation": 270, "texture": "#2"},
				"south": {"uv": [0, 0, 0.7, 1.1], "texture": "#2"},
				"west": {"uv": [0, 0, 1.1, 0.98], "rotation": 90, "texture": "#2"},
				"up": {"uv": [0, 0, 0.7, 0.98], "rotation": 180, "texture": "#2"},
				"down": {"uv": [0, 0, 0.7, 0.98], "texture": "#2"}
			}
		},
		{
			"from": [8.744, 0.60257, 4.78183],
			"to": [9.256, 1.76437, 6.05783],
			"rotation": {"angle": -45, "axis": "x", "origin": [8.99992, -0.30747, 8.95058]},
			"faces": {
				"north": {"uv": [0, 0.98, 0.7, 0], "rotation": 180, "texture": "#3"},
				"east": {"uv": [0, 0.98, 1.1, 0], "rotation": 180, "texture": "#3"},
				"south": {"uv": [0, 0.98, 0.7, 0], "rotation": 180, "texture": "#3"},
				"west": {"uv": [0, 0.98, 1.1, 0], "rotation": 180, "texture": "#3"},
				"up": {"uv": [0.7, 0, 0, 1.1], "rotation": 180, "texture": "#3"},
				"down": {"uv": [0.7, 0, 0, 1.1], "rotation": 180, "texture": "#3"}
			}
		},
		{
			"from": [8.86104, -3.38527, 8.80179],
			"to": [9.13896, -1.90511, 10.12048],
			"rotation": {"angle": -45, "axis": "x", "origin": [8.99992, -0.30747, 8.95058]},
			"faces": {
				"north": {"uv": [0, 0, 0.7, 1.1], "rotation": 180, "texture": "#2"},
				"east": {"uv": [0, 0, 1.1, 0.98], "rotation": 270, "texture": "#2"},
				"south": {"uv": [0, 0, 0.7, 1.1], "texture": "#2"},
				"west": {"uv": [0, 0, 1.1, 0.98], "rotation": 90, "texture": "#2"},
				"up": {"uv": [0, 0, 0.7, 0.98], "rotation": 180, "texture": "#2"},
				"down": {"uv": [0, 0, 0.7, 0.98], "texture": "#2"}
			}
		},
		{
			"from": [8.86104, 0.61681, 4.62471],
			"to": [9.13896, 1.9605, 6.10487],
			"rotation": {"angle": -45, "axis": "x", "origin": [8.99992, -0.30747, 8.95058]},
			"faces": {
				"north": {"uv": [0, 0.98, 0.7, 0], "rotation": 180, "texture": "#2"},
				"east": {"uv": [0, 0.98, 1.1, 0], "rotation": 180, "texture": "#2"},
				"south": {"uv": [0, 0.98, 0.7, 0], "rotation": 180, "texture": "#2"},
				"west": {"uv": [0, 0.98, 1.1, 0], "rotation": 180, "texture": "#2"},
				"up": {"uv": [0.7, 0, 0, 1.1], "rotation": 180, "texture": "#2"},
				"down": {"uv": [0.7, 0, 0, 1.1], "rotation": 180, "texture": "#2"}
			}
		},
		{
			"from": [8.65, 0.59432, 4.90204],
			"to": [9.35, 1.57432, 6.00204],
			"rotation": {"angle": -45, "axis": "x", "origin": [8.99992, -0.30747, 8.95058]},
			"faces": {
				"north": {"uv": [0, 0.98, 0.7, 1.96], "rotation": 180, "texture": "#3"},
				"east": {"uv": [0, 0.98, 1.1, 1.96], "rotation": 180, "texture": "#3"},
				"south": {"uv": [0, 0.98, 0.7, 1.96], "rotation": 180, "texture": "#3"},
				"west": {"uv": [0, 0.98, 1.1, 1.96], "rotation": 180, "texture": "#3"},
				"up": {"uv": [0.7, 0, 1.4, 1.1], "rotation": 180, "texture": "#3"},
				"down": {"uv": [0.7, 0, 1.4, 1.1], "rotation": 180, "texture": "#3"}
			}
		},
		{
			"from": [8.5585, -5.4318, 6.42195],
			"to": [9.4415, -3.3798, 11.95695],
			"rotation": {"angle": 0, "axis": "x", "origin": [8.99992, -0.30747, 8.95058]},
			"faces": {
				"north": {"uv": [0, 0, 0.95, 1.8], "rotation": 180, "texture": "#2"},
				"east": {"uv": [0, 0, 1.8, 5.25], "rotation": 270, "texture": "#2"},
				"south": {"uv": [0, 0, 0.95, 1.8], "texture": "#2"},
				"west": {"uv": [0, 0, 1.8, 5.25], "rotation": 90, "texture": "#2"},
				"up": {"uv": [0, 0, 0.95, 5.25], "rotation": 180, "texture": "#2"},
				"down": {"uv": [0, 0, 0.95, 5.25], "texture": "#2"}
			}
		},
		{
			"from": [8.587, -5.48653, 7.99338],
			"to": [9.413, -4.60303, 8.90538],
			"rotation": {"angle": -45, "axis": "x", "origin": [8.99992, -0.30747, 8.95058]},
			"faces": {
				"north": {"uv": [0, 0, 0.9, 0.775], "rotation": 180, "texture": "#2"},
				"east": {"uv": [0, 0, 0.775, 0.8], "rotation": 270, "texture": "#2"},
				"south": {"uv": [0, 0, 0.9, 0.775], "texture": "#2"},
				"west": {"uv": [0, 0, 0.775, 0.8], "rotation": 90, "texture": "#2"},
				"up": {"uv": [0, 0, 0.9, 0.8], "rotation": 180, "texture": "#2"},
				"down": {"uv": [0, 0, 0.9, 0.8], "texture": "#2"}
			}
		},
		{
			"from": [8.587, -2.14564, 3.53767],
			"to": [9.413, -1.26214, 4.44967],
			"rotation": {"angle": -45, "axis": "x", "origin": [8.99992, -0.30747, 8.95058]},
			"faces": {
				"north": {"uv": [0.9, 0.775, 1.8, 1.55], "texture": "#2"},
				"east": {"uv": [0.775, 0.8, 1.55, 1.6], "rotation": 270, "texture": "#2"},
				"south": {"uv": [0.9, 0.775, 1.8, 1.55], "rotation": 180, "texture": "#2"},
				"west": {"uv": [0.775, 0.8, 1.55, 1.6], "rotation": 90, "texture": "#2"},
				"up": {"uv": [1.8, 0, 2.7, 0.8], "texture": "#2"},
				"down": {"uv": [1.8, 0, 2.7, 0.8], "rotation": 180, "texture": "#2"}
			}
		},
		{
			"from": [8.587, -3.91159, 7.27868],
			"to": [9.413, -2.99959, 8.16218],
			"rotation": {"angle": -45, "axis": "x", "origin": [8.99992, -0.30747, 8.95058]},
			"faces": {
				"north": {"uv": [0, 0, 0.9, 0.8], "texture": "#2"},
				"east": {"uv": [0, 0, 0.775, 0.8], "texture": "#2"},
				"south": {"uv": [0, 0, 0.9, 0.8], "texture": "#2"},
				"west": {"uv": [0, 0, 0.775, 0.8], "texture": "#2"},
				"up": {"uv": [0, 0, 0.9, 0.775], "texture": "#2"},
				"down": {"uv": [0, 0, 0.9, 0.775], "texture": "#2"}
			}
		},
		{
			"from": [8.587, -6.05819, 7.45022],
			"to": [9.413, -5.48819, 8.33372],
			"rotation": {"angle": -45, "axis": "x", "origin": [8.99992, -0.30747, 8.95058]},
			"faces": {
				"north": {"uv": [0, 0.5, 0.9, 1], "texture": "#2"},
				"east": {"uv": [0.975, 0, 1.75, 0.5], "rotation": 180, "texture": "#2"},
				"south": {"uv": [0, 0.5, 0.9, 1], "texture": "#2"},
				"west": {"uv": [0.975, 0, 1.75, 0.5], "rotation": 180, "texture": "#2"},
				"up": {"uv": [0, 0.975, 0.9, 1.75], "texture": "#2"},
				"down": {"uv": [0, 0.975, 0.9, 1.75], "texture": "#2"}
			}
		},
		{
			"from": [8.587, -1.26048, 4.10933],
			"to": [9.413, -0.69048, 4.99283],
			"rotation": {"angle": -45, "axis": "x", "origin": [8.99992, -0.30747, 8.95058]},
			"faces": {
				"north": {"uv": [1.8, 0.5, 2.7, 1], "rotation": 180, "texture": "#2"},
				"east": {"uv": [1.75, 0.5, 2.525, 1], "rotation": 180, "texture": "#2"},
				"south": {"uv": [1.8, 0.5, 2.7, 1], "rotation": 180, "texture": "#2"},
				"west": {"uv": [1.75, 0.5, 2.525, 1], "rotation": 180, "texture": "#2"},
				"up": {"uv": [0.9, 1.75, 1.8, 2.525], "rotation": 180, "texture": "#2"},
				"down": {"uv": [0.9, 1.75, 1.8, 2.525], "rotation": 180, "texture": "#2"}
			}
		},
		{
			"from": [8.587, -4.45476, 8.16385],
			"to": [9.413, -3.57126, 8.73385],
			"rotation": {"angle": -45, "axis": "x", "origin": [8.99992, -0.30747, 8.95058]},
			"faces": {
				"north": {"uv": [0, 0.975, 0.9, 1.75], "rotation": 180, "texture": "#2"},
				"east": {"uv": [0.975, 0, 1.75, 0.5], "rotation": 270, "texture": "#2"},
				"south": {"uv": [0, 0.975, 0.9, 1.75], "texture": "#2"},
				"west": {"uv": [0.975, 0, 1.75, 0.5], "rotation": 90, "texture": "#2"},
				"up": {"uv": [0, 0.5, 0.9, 1], "texture": "#2"},
				"down": {"uv": [0, 0.5, 0.9, 1], "rotation": 180, "texture": "#2"}
			}
		},
		{
			"from": [8.58828, -4.79751, 12.00499],
			"to": [9.41086, -3.99951, 12.57499],
			"rotation": {"angle": 0, "axis": "x", "origin": [8.99992, -0.30747, 8.95058]},
			"faces": {
				"north": {"uv": [0, 0.975, 0.897, 1.675], "rotation": 180, "texture": "#2"},
				"east": {"uv": [0.975, 0, 1.675, 0.5], "rotation": 270, "texture": "#2"},
				"south": {"uv": [0, 0.975, 0.897, 1.675], "texture": "#2"},
				"west": {"uv": [0.975, 0, 1.675, 0.5], "rotation": 90, "texture": "#2"},
				"up": {"uv": [0, 0.5, 0.897, 1], "texture": "#2"},
				"down": {"uv": [0, 0.5, 0.897, 1], "rotation": 180, "texture": "#2"}
			}
		},
		{
			"from": [8.58828, -4.8121, 5.80391],
			"to": [9.41086, -4.0141, 6.37391],
			"rotation": {"angle": 0, "axis": "x", "origin": [8.99992, -0.30747, 8.95058]},
			"faces": {
				"north": {"uv": [0.897, 1.675, 1.794, 2.375], "texture": "#2"},
				"east": {"uv": [1.675, 0.5, 2.375, 1], "rotation": 270, "texture": "#2"},
				"south": {"uv": [0.897, 1.675, 1.794, 2.375], "rotation": 180, "texture": "#2"},
				"west": {"uv": [1.675, 0.5, 2.375, 1], "rotation": 90, "texture": "#2"},
				"up": {"uv": [1.794, 0.5, 2.691, 1], "rotation": 180, "texture": "#2"},
				"down": {"uv": [1.794, 0.5, 2.691, 1], "texture": "#2"}
			}
		},
		{
			"from": [8.58828, -3.34435, 10.29465],
			"to": [9.41086, -2.77435, 11.09265],
			"rotation": {"angle": 0, "axis": "x", "origin": [8.99992, -0.30747, 8.95058]},
			"faces": {
				"north": {"uv": [0, 0.5, 0.897, 1], "rotation": 180, "texture": "#2"},
				"east": {"uv": [0.975, 0, 1.675, 0.5], "texture": "#2"},
				"south": {"uv": [0, 0.5, 0.897, 1], "rotation": 180, "texture": "#2"},
				"west": {"uv": [0.975, 0, 1.675, 0.5], "texture": "#2"},
				"up": {"uv": [0, 0.975, 0.897, 1.675], "texture": "#2"},
				"down": {"uv": [0, 0.975, 0.897, 1.675], "texture": "#2"}
			}
		},
		{
			"from": [8.64844, -15.9567, 7.22431],
			"to": [9.35156, -14.60358, 8.91181],
			"rotation": {"angle": 0, "axis": "x", "origin": [8.99992, -0.30747, 8.95058]},
			"faces": {
				"north": {"uv": [0, 0, 0.70313, 1.35313], "texture": "#2"},
				"east": {"uv": [0, 0, 1.6875, 1.35313], "texture": "#2"},
				"south": {"uv": [0, 0, 0.70313, 1.35313], "texture": "#2"},
				"west": {"uv": [0, 0, 1.6875, 1.35313], "texture": "#2"},
				"up": {"uv": [0, 0, 0.70313, 1.6875], "texture": "#2"},
				"down": {"uv": [0, 0, 0.70313, 1.6875], "texture": "#2"}
			}
		},
		{
			"from": [8.15625, -15.9567, 7.7165],
			"to": [9.84375, -14.60358, 8.41962],
			"rotation": {"angle": 0, "axis": "x", "origin": [8.99992, -0.30747, 8.95058]},
			"faces": {
				"north": {"uv": [0, 0, 1.6875, 1.35313], "texture": "#2"},
				"east": {"uv": [0, 0, 0.70313, 1.35313], "texture": "#2"},
				"south": {"uv": [0, 0, 1.6875, 1.35313], "texture": "#2"},
				"west": {"uv": [0, 0, 0.70313, 1.35313], "texture": "#2"},
				"up": {"uv": [0, 0, 0.70313, 1.6875], "rotation": 90, "texture": "#2"},
				"down": {"uv": [0, 0, 0.70313, 1.6875], "rotation": 270, "texture": "#2"}
			}
		},
		{
			"from": [8.64844, -14.7317, 7.22431],
			"to": [9.35156, -5.60357, 8.91181],
			"rotation": {"angle": 0, "axis": "x", "origin": [8.99992, -0.30747, 8.95058]},
			"faces": {
				"north": {"uv": [0, 0, 1.25, 9.25], "texture": "#3"},
				"east": {"uv": [0, 0, 3, 9.25], "texture": "#3"},
				"south": {"uv": [0, 0, 1.25, 9.25], "texture": "#3"},
				"west": {"uv": [0, 0, 3, 9.25], "texture": "#3"},
				"up": {"uv": [0, 0, 1.25, 3], "rotation": 180, "texture": "#3"},
				"down": {"uv": [0, 0, 1.25, 3], "rotation": 180, "texture": "#3"}
			}
		},
		{
			"from": [8.15625, -14.7317, 7.7165],
			"to": [9.84375, -5.60357, 8.41962],
			"rotation": {"angle": 0, "axis": "x", "origin": [8.99992, -0.30747, 8.95058]},
			"faces": {
				"north": {"uv": [0, 0, 3, 9.25], "texture": "#3"},
				"east": {"uv": [0, 0, 1.25, 9.25], "texture": "#3"},
				"south": {"uv": [0, 0, 3, 9.25], "texture": "#3"},
				"west": {"uv": [0, 0, 1.25, 9.25], "texture": "#3"},
				"up": {"uv": [0, 0, 1.25, 3], "rotation": 90, "texture": "#3"},
				"down": {"uv": [0, 0, 1.25, 3], "rotation": 270, "texture": "#3"}
			}
		},
		{
			"from": [8.52891, -15.65232, 6.93744],
			"to": [9.47109, -14.51514, 9.19869],
			"rotation": {"angle": 0, "axis": "x", "origin": [8.99992, -0.30747, 8.95058]},
			"faces": {
				"north": {"uv": [0, 0, 1.25, 9.25], "texture": "#2"},
				"east": {"uv": [0, 0, 3, 9.25], "texture": "#2"},
				"south": {"uv": [0, 0, 1.25, 9.25], "texture": "#2"},
				"west": {"uv": [0, 0, 3, 9.25], "texture": "#2"},
				"up": {"uv": [0, 0, 1.25, 3], "rotation": 180, "texture": "#2"},
				"down": {"uv": [0, 0, 1.25, 3], "rotation": 180, "texture": "#2"}
			}
		},
		{
			"from": [7.86937, -15.65232, 7.59697],
			"to": [10.13062, -14.51514, 8.53915],
			"rotation": {"angle": 0, "axis": "x", "origin": [8.99992, -0.30747, 8.95058]},
			"faces": {
				"north": {"uv": [0, 0, 3, 9.25], "texture": "#2"},
				"east": {"uv": [0, 0, 1.25, 9.25], "texture": "#2"},
				"south": {"uv": [0, 0, 3, 9.25], "texture": "#2"},
				"west": {"uv": [0, 0, 1.25, 9.25], "texture": "#2"},
				"up": {"uv": [0, 0, 1.25, 3], "rotation": 90, "texture": "#2"},
				"down": {"uv": [0, 0, 1.25, 3], "rotation": 270, "texture": "#2"}
			}
		},
		{
			"from": [8.64844, -15.9567, 7.22431],
			"to": [9.35156, -14.60358, 8.91181],
			"rotation": {"angle": 0, "axis": "x", "origin": [8.99992, -0.30747, 8.95058]},
			"faces": {
				"north": {"uv": [0, 0, 0.70313, 1.35313], "texture": "#2"},
				"east": {"uv": [0, 0, 1.6875, 1.35313], "texture": "#2"},
				"south": {"uv": [0, 0, 0.70313, 1.35313], "texture": "#2"},
				"west": {"uv": [0, 0, 1.6875, 1.35313], "texture": "#2"},
				"up": {"uv": [0, 0, 0.70313, 1.6875], "rotation": 180, "texture": "#2"},
				"down": {"uv": [0, 0, 0.70313, 1.6875], "rotation": 180, "texture": "#2"}
			}
		},
		{
			"from": [8.15625, -15.9567, 7.7165],
			"to": [9.84375, -14.60358, 8.41962],
			"rotation": {"angle": 0, "axis": "x", "origin": [8.99992, -0.30747, 8.95058]},
			"faces": {
				"north": {"uv": [0, 0, 1.6875, 1.35313], "texture": "#2"},
				"east": {"uv": [0, 0, 0.70313, 1.35313], "texture": "#2"},
				"south": {"uv": [0, 0, 1.6875, 1.35313], "texture": "#2"},
				"west": {"uv": [0, 0, 0.70313, 1.35313], "texture": "#2"},
				"up": {"uv": [0, 0, 0.70313, 1.6875], "rotation": 90, "texture": "#2"},
				"down": {"uv": [0, 0, 0.70313, 1.6875], "rotation": 270, "texture": "#2"}
			}
		},
		{
			"from": [8.4818, -6.49001, 6.82437],
			"to": [9.5182, -5.54161, 9.31175],
			"rotation": {"angle": 0, "axis": "x", "origin": [8.99992, -0.30747, 8.95058]},
			"faces": {
				"north": {"uv": [0, 0, 1.25, 9.25], "texture": "#2"},
				"east": {"uv": [0, 0, 3, 9.25], "texture": "#2"},
				"south": {"uv": [0, 0, 1.25, 9.25], "texture": "#2"},
				"west": {"uv": [0, 0, 3, 9.25], "texture": "#2"},
				"up": {"uv": [0, 0, 1.25, 3], "rotation": 180, "texture": "#2"},
				"down": {"uv": [0, 0, 1.25, 3], "rotation": 180, "texture": "#2"}
			}
		},
		{
			"from": [7.75631, -6.49001, 7.54986],
			"to": [10.24369, -5.54161, 8.58626],
			"rotation": {"angle": 0, "axis": "x", "origin": [8.99992, -0.30747, 8.95058]},
			"faces": {
				"north": {"uv": [0, 0, 3, 9.25], "texture": "#2"},
				"east": {"uv": [0, 0, 1.25, 9.25], "texture": "#2"},
				"south": {"uv": [0, 0, 3, 9.25], "texture": "#2"},
				"west": {"uv": [0, 0, 1.25, 9.25], "texture": "#2"},
				"up": {"uv": [0, 0, 1.25, 3], "rotation": 90, "texture": "#2"},
				"down": {"uv": [0, 0, 1.25, 3], "rotation": 270, "texture": "#2"}
			}
		}
	],
	"display": {
		"thirdperson_righthand": {
			"rotation": [24, -180, 0],
			"translation": [0.5, 12.25, 8],
			"scale": [0.8, 0.8, 0.8]
		},
		"thirdperson_lefthand": {
			"rotation": [10, -180, 7],
			"translation": [1, 12.5, 3.5],
			"scale": [0.8, 0.8, 0.8]
		},
		"firstperson_righthand": {
			"rotation": [-180, -8, -170],
			"translation": [8.75, 7, -8],
			"scale": [0.8, 0.8, 0.8]
		},
		"firstperson_lefthand": {
			"rotation": [161, -180, 158],
			"translation": [11.5, 6.75, -10],
			"scale": [0.85, 0.9, 0.8]
		},
		"ground": {
			"rotation": [-2.98, -31.69, 179.83],
			"translation": [0, 3, 0]
		},
		"gui": {
			"rotation": [-90, -89, -90],
			"translation": [0, 1.25, 0],
			"scale": [0.5, 0.46, 0.42]
		},
		"head": {
			"rotation": [-83.64, -88.47, 95.83],
			"translation": [0.25, -15.5, 5.25]
		},
		"fixed": {
			"rotation": [90, 89.5, 90],
			"translation": [0, -1, -1.5],
			"scale": [0.5, 0.5, 0.5]
		}
	},
	"groups": [
		{
			"name": "Elucidator",
			"origin": [8, 8, 8],
			"color": 0,
			"children": [0, 1, 2, 3, 4, 5, 6, 7, 8, 9, 10, 11, 12, 13, 14, 15, 16, 17, 18, 19, 20, 21, 22, 23, 24, 25, 26, 27, 28, 29, 30, 31, 32, 33, 34, 35, 36, 37, 38, 39, 40, 41, 42, 43, 44, 45, 46, 47, 48, 49, 50, 51, 52, 53, 54, 55, 56, 57, 58, 59, 60, 61, 62, 63, 64, 65, 66, 67, 68, 69, 70, 71, 72, 73, 74, 75, 76, 77, 78, 79, 80, 81, 82, 83, 84, 85, 86, 87, 88, 89, 90, 91, 92, 93, 94, 95]
		}
	]
}