{
	"credit": "Made with Blockbench",
	"textures": {
		"0": "Pictures/Camera Roll/blue",
		"1": "Pictures/Camera Roll/stil",
		"2": "Pictures/Camera Roll/blueblack",
		"particle": "Pictures/Camera Roll/blue"
	},
	"elements": [
		{
			"from": [7.3836, 0.4166, 7.9412],
			"to": [8.6464, 5.4038, 8.4648],
			"rotation": {"angle": 0, "axis": "y", "origin": [8.015, 6.7197, 8.203]},
			"faces": {
				"north": {"uv": [0, 0, 1.2628, 4.9872], "texture": "#2"},
				"east": {"uv": [0, 0, 0.5236, 4.9872], "texture": "#2"},
				"south": {"uv": [0, 0, 1.2628, 4.9872], "texture": "#2"},
				"west": {"uv": [0, 0, 0.5236, 4.9872], "texture": "#2"},
				"up": {"uv": [0, 0, 0.5236, 1.2628], "rotation": 90, "texture": "#2"},
				"down": {"uv": [0, 0, 0.5236, 1.2628], "rotation": 270, "texture": "#2"}
			}
		},
		{
			"from": [7.3836, 0.4166, 7.9412],
			"to": [8.6464, 5.4038, 8.4648],
			"rotation": {"angle": -45, "axis": "y", "origin": [8.015, 6.7197, 8.203]},
			"faces": {
				"north": {"uv": [0, 0, 1.2628, 4.9872], "texture": "#2"},
				"east": {"uv": [0, 0, 0.5236, 4.9872], "texture": "#2"},
				"south": {"uv": [0, 0, 1.2628, 4.9872], "texture": "#2"},
				"west": {"uv": [0, 0, 0.5236, 4.9872], "texture": "#2"},
				"up": {"uv": [0, 0, 0.5236, 1.2628], "rotation": 90, "texture": "#2"},
				"down": {"uv": [0, 0, 0.5236, 1.2628], "rotation": 270, "texture": "#2"}
			}
		},
		{
			"from": [7.7532, 0.4166, 7.5716],
			"to": [8.2768, 5.4038, 8.8344],
			"rotation": {"angle": 0, "axis": "y", "origin": [8.015, 6.7197, 8.203]},
			"faces": {
				"north": {"uv": [0, 0, 0.5236, 4.9872], "texture": "#2"},
				"east": {"uv": [0, 0, 1.2628, 4.9872], "texture": "#2"},
				"south": {"uv": [0, 0, 0.5236, 4.9872], "texture": "#2"},
				"west": {"uv": [0, 0, 1.2628, 4.9872], "texture": "#2"},
				"up": {"uv": [0, 0, 0.5236, 1.2628], "rotation": 180, "texture": "#2"},
				"down": {"uv": [0, 0, 0.5236, 1.2628], "rotation": 180, "texture": "#2"}
			}
		},
		{
			"from": [7.7532, 0.4166, 7.5716],
			"to": [8.2768, 5.4038, 8.8344],
			"rotation": {"angle": -45, "axis": "y", "origin": [8.015, 6.7197, 8.203]},
			"faces": {
				"north": {"uv": [0, 0, 0.5236, 4.9872], "texture": "#2"},
				"east": {"uv": [0, 0, 1.2628, 4.9872], "texture": "#2"},
				"south": {"uv": [0, 0, 0.5236, 4.9872], "texture": "#2"},
				"west": {"uv": [0, 0, 1.2628, 4.9872], "texture": "#2"},
				"up": {"uv": [0, 0, 0.5236, 1.2628], "rotation": 180, "texture": "#2"},
				"down": {"uv": [0, 0, 0.5236, 1.2628], "rotation": 180, "texture": "#2"}
			}
		},
		{
			"from": [7.25732, 0.00592, 7.88884],
			"to": [8.77268, 0.74776, 8.51716],
			"rotation": {"angle": 0, "axis": "y", "origin": [8.015, 0.37684, 8.203]},
			"faces": {
				"north": {"uv": [0, 0, 16, 16], "texture": "#1"},
				"east": {"uv": [0, 0, 0.62832, 0.74184], "texture": "#1"},
				"south": {"uv": [0, 0, 1.51536, 0.74184], "texture": "#1"},
				"west": {"uv": [0, 0, 0.62832, 0.74184], "texture": "#1"},
				"up": {"uv": [0, 0, 0.62832, 1.51536], "rotation": 90, "texture": "#1"},
				"down": {"uv": [0, 0, 0.62832, 1.51536], "rotation": 270, "texture": "#1"}
			}
		},
		{
			"from": [7.25732, 0.00592, 7.88884],
			"to": [8.77268, 0.74776, 8.51716],
			"rotation": {"angle": -45, "axis": "y", "origin": [8.015, 0.37684, 8.203]},
			"faces": {
				"north": {"uv": [0, 0, 16, 16], "texture": "#1"},
				"east": {"uv": [0, 0, 0.62832, 0.74184], "texture": "#1"},
				"south": {"uv": [0, 0, 1.51536, 0.74184], "texture": "#1"},
				"west": {"uv": [0, 0, 0.62832, 0.74184], "texture": "#1"},
				"up": {"uv": [0, 0, 0.62832, 1.51536], "rotation": 90, "texture": "#1"},
				"down": {"uv": [0, 0, 0.62832, 1.51536], "rotation": 270, "texture": "#1"}
			}
		},
		{
			"from": [7.70084, 0.00592, 7.44532],
			"to": [8.32916, 0.74776, 8.96068],
			"rotation": {"angle": 0, "axis": "y", "origin": [8.015, 0.37684, 8.203]},
			"faces": {
				"north": {"uv": [0, 0, 16, 16], "texture": "#1"},
				"east": {"uv": [0, 0, 1.51536, 0.74184], "texture": "#1"},
				"south": {"uv": [0, 0, 0.62832, 0.74184], "texture": "#1"},
				"west": {"uv": [0, 0, 1.51536, 0.74184], "texture": "#1"},
				"up": {"uv": [0, 0, 0.62832, 1.51536], "rotation": 180, "texture": "#1"},
				"down": {"uv": [0, 0, 0.62832, 1.51536], "rotation": 180, "texture": "#1"}
			}
		},
		{
			"from": [7.70084, 0.00592, 7.44532],
			"to": [8.32916, 0.74776, 8.96068],
			"rotation": {"angle": -45, "axis": "y", "origin": [8.015, 0.37684, 8.203]},
			"faces": {
				"north": {"uv": [0, 0, 16, 16], "texture": "#1"},
				"east": {"uv": [0, 0, 1.51536, 0.74184], "texture": "#1"},
				"south": {"uv": [0, 0, 0.62832, 0.74184], "texture": "#1"},
				"west": {"uv": [0, 0, 1.51536, 0.74184], "texture": "#1"},
				"up": {"uv": [0, 0, 0.62832, 1.51536], "rotation": 180, "texture": "#1"},
				"down": {"uv": [0, 0, 0.62832, 1.51536], "rotation": 180, "texture": "#1"}
			}
		},
		{
			"from": [7.25732, 5.11192, 7.88884],
			"to": [8.77268, 6.22776, 8.51716],
			"rotation": {"angle": 0, "axis": "y", "origin": [8.015, 5.48284, 8.203]},
			"faces": {
				"north": {"uv": [0, 0, 1.51536, 1.11584], "texture": "#2"},
				"east": {"uv": [0, 0, 0.62832, 1.11584], "texture": "#2"},
				"south": {"uv": [0, 0, 1.51536, 1.11584], "texture": "#2"},
				"west": {"uv": [0, 0, 0.62832, 1.11584], "texture": "#2"},
				"up": {"uv": [0, 0, 0.62832, 1.51536], "rotation": 90, "texture": "#2"},
				"down": {"uv": [0, 0, 0.62832, 1.51536], "rotation": 270, "texture": "#2"}
			}
		},
		{
			"from": [7.25732, 5.11192, 7.88884],
			"to": [8.77268, 6.22776, 8.51716],
			"rotation": {"angle": -45, "axis": "y", "origin": [8.015, 5.48284, 8.203]},
			"faces": {
				"north": {"uv": [0, 0, 1.51536, 1.11584], "texture": "#2"},
				"east": {"uv": [0, 0, 0.62832, 1.11584], "texture": "#2"},
				"south": {"uv": [0, 0, 1.51536, 1.11584], "texture": "#2"},
				"west": {"uv": [0, 0, 0.62832, 1.11584], "texture": "#2"},
				"up": {"uv": [0, 0, 0.62832, 1.51536], "rotation": 90, "texture": "#2"},
				"down": {"uv": [0, 0, 0.62832, 1.51536], "rotation": 270, "texture": "#2"}
			}
		},
		{
			"from": [7.70084, 5.11192, 7.44532],
			"to": [8.32916, 6.22776, 8.96068],
			"rotation": {"angle": 0, "axis": "y", "origin": [8.015, 5.48284, 8.203]},
			"faces": {
				"north": {"uv": [0, 0, 0.62832, 1.11584], "texture": "#2"},
				"east": {"uv": [0, 0, 1.51536, 1.11584], "texture": "#2"},
				"south": {"uv": [0, 0, 0.62832, 1.11584], "texture": "#2"},
				"west": {"uv": [0, 0, 1.51536, 1.11584], "texture": "#2"},
				"up": {"uv": [0, 0, 0.62832, 1.51536], "rotation": 180, "texture": "#2"},
				"down": {"uv": [0, 0, 0.62832, 1.51536], "rotation": 180, "texture": "#2"}
			}
		},
		{
			"from": [7.70084, 5.11192, 7.44532],
			"to": [8.32916, 6.22776, 8.96068],
			"rotation": {"angle": -45, "axis": "y", "origin": [8.015, 5.48284, 8.203]},
			"faces": {
				"north": {"uv": [0, 0, 0.62832, 1.11584], "texture": "#2"},
				"east": {"uv": [0, 0, 1.51536, 1.11584], "texture": "#2"},
				"south": {"uv": [0, 0, 0.62832, 1.11584], "texture": "#2"},
				"west": {"uv": [0, 0, 1.51536, 1.11584], "texture": "#2"},
				"up": {"uv": [0, 0, 0.62832, 1.51536], "rotation": 180, "texture": "#2"},
				"down": {"uv": [0, 0, 0.62832, 1.51536], "rotation": 180, "texture": "#2"}
			}
		},
		{
			"from": [7.113, 5.874, 7.829],
			"to": [8.917, 6.446, 8.577],
			"rotation": {"angle": 0, "axis": "y", "origin": [8.455, 2.178, 8.203]},
			"faces": {
				"north": {"uv": [0, 0, 1.804, 0.572], "texture": "#1"},
				"east": {"uv": [0, 0, 0.748, 0.572], "texture": "#1"},
				"south": {"uv": [0, 0, 1.804, 0.572], "texture": "#1"},
				"west": {"uv": [0, 0, 0.748, 0.572], "texture": "#1"},
				"up": {"uv": [0, 0, 0.748, 1.804], "rotation": 90, "texture": "#1"},
				"down": {"uv": [0, 0, 0.748, 1.804], "rotation": 270, "texture": "#1"}
			}
		},
		{
			"from": [7.113, 5.874, 7.829],
			"to": [8.917, 6.446, 8.577],
			"rotation": {"angle": -45, "axis": "y", "origin": [8.015, 2.178, 8.203]},
			"faces": {
				"north": {"uv": [0, 0, 1.804, 0.572], "texture": "#1"},
				"east": {"uv": [0, 0, 0.748, 0.572], "texture": "#1"},
				"south": {"uv": [0, 0, 1.804, 0.572], "texture": "#1"},
				"west": {"uv": [0, 0, 0.748, 0.572], "texture": "#1"},
				"up": {"uv": [0, 0, 0.748, 1.804], "rotation": 90, "texture": "#1"},
				"down": {"uv": [0, 0, 0.748, 1.804], "rotation": 270, "texture": "#1"}
			}
		},
		{
			"from": [7.641, 5.874, 7.301],
			"to": [8.389, 6.446, 9.105],
			"rotation": {"angle": 0, "axis": "y", "origin": [8.015, 2.178, 8.203]},
			"faces": {
				"north": {"uv": [0, 0, 0.748, 0.572], "texture": "#1"},
				"east": {"uv": [0, 0, 1.804, 0.572], "texture": "#1"},
				"south": {"uv": [0, 0, 0.748, 0.572], "texture": "#1"},
				"west": {"uv": [0, 0, 1.804, 0.572], "texture": "#1"},
				"up": {"uv": [0, 0, 0.748, 1.804], "rotation": 180, "texture": "#1"},
				"down": {"uv": [0, 0, 0.748, 1.804], "rotation": 180, "texture": "#1"}
			}
		},
		{
			"from": [7.641, 5.874, 7.301],
			"to": [8.389, 6.446, 9.105],
			"rotation": {"angle": -45, "axis": "y", "origin": [8.015, 2.178, 8.203]},
			"faces": {
				"north": {"uv": [0, 0, 0.748, 0.572], "texture": "#1"},
				"east": {"uv": [0, 0, 1.804, 0.572], "texture": "#1"},
				"south": {"uv": [0, 0, 0.748, 0.572], "texture": "#1"},
				"west": {"uv": [0, 0, 1.804, 0.572], "texture": "#1"},
				"up": {"uv": [0, 0, 0.748, 1.804], "rotation": 180, "texture": "#1"},
				"down": {"uv": [0, 0, 0.748, 1.804], "rotation": 180, "texture": "#1"}
			}
		},
		{
			"from": [6.431, 5.5, 7.543],
			"to": [6.651, 6.82, 8.863],
			"rotation": {"angle": -45, "axis": "y", "origin": [8.015, 6.16, 8.203]},
			"faces": {
				"north": {"uv": [0, 0, 0.22, 1.32], "texture": "#0"},
				"east": {"uv": [0, 0, 1.32, 1.32], "texture": "#1"},
				"south": {"uv": [0, 0, 0.22, 1.32], "texture": "#0"},
				"west": {"uv": [0, 0, 1.32, 1.32], "texture": "#0"},
				"up": {"uv": [0, 0, 0.22, 1.32], "texture": "#0"},
				"down": {"uv": [0, 0, 0.22, 1.32], "texture": "#0"}
			}
		},
		{
			"from": [6.431, 5.5, 7.543],
			"to": [6.651, 6.82, 8.863],
			"rotation": {"angle": 0, "axis": "y", "origin": [8.015, 6.16, 8.203]},
			"faces": {
				"north": {"uv": [0, 0, 0.22, 1.32], "texture": "#0"},
				"east": {"uv": [0, 0, 1.32, 1.32], "texture": "#1"},
				"south": {"uv": [0, 0, 0.22, 1.32], "texture": "#0"},
				"west": {"uv": [0, 0, 1.32, 1.32], "texture": "#0"},
				"up": {"uv": [0, 0, 0.22, 1.32], "texture": "#0"},
				"down": {"uv": [0, 0, 0.22, 1.32], "texture": "#0"}
			}
		},
		{
			"from": [7.355, 5.5, 9.567],
			"to": [8.675, 6.82, 9.787],
			"rotation": {"angle": -45, "axis": "y", "origin": [8.015, 6.16, 8.203]},
			"faces": {
				"north": {"uv": [0, 0, 1.32, 1.32], "texture": "#1"},
				"east": {"uv": [0, 0, 0.22, 1.32], "texture": "#0"},
				"south": {"uv": [0, 0, 1.32, 1.32], "texture": "#0"},
				"west": {"uv": [0, 0, 0.22, 1.32], "texture": "#0"},
				"up": {"uv": [0, 0, 0.22, 1.32], "rotation": 270, "texture": "#0"},
				"down": {"uv": [0, 0, 0.22, 1.32], "rotation": 90, "texture": "#0"}
			}
		},
		{
			"from": [7.355, 5.5, 9.567],
			"to": [8.675, 6.82, 9.787],
			"rotation": {"angle": 0, "axis": "y", "origin": [8.015, 6.16, 8.203]},
			"faces": {
				"north": {"uv": [0, 0, 1.32, 1.32], "texture": "#1"},
				"east": {"uv": [0, 0, 0.22, 1.32], "texture": "#0"},
				"south": {"uv": [0, 0, 1.32, 1.32], "texture": "#0"},
				"west": {"uv": [0, 0, 0.22, 1.32], "texture": "#0"},
				"up": {"uv": [0, 0, 0.22, 1.32], "rotation": 270, "texture": "#0"},
				"down": {"uv": [0, 0, 0.22, 1.32], "rotation": 90, "texture": "#0"}
			}
		},
		{
			"from": [9.379, 5.5, 7.543],
			"to": [9.599, 6.82, 8.863],
			"rotation": {"angle": -45, "axis": "y", "origin": [8.015, 6.16, 8.203]},
			"faces": {
				"north": {"uv": [0, 0, 0.22, 1.32], "texture": "#0"},
				"east": {"uv": [0, 0, 1.32, 1.32], "texture": "#0"},
				"south": {"uv": [0, 0, 0.22, 1.32], "texture": "#0"},
				"west": {"uv": [0, 0, 1.32, 1.32], "texture": "#1"},
				"up": {"uv": [0, 0, 0.22, 1.32], "rotation": 180, "texture": "#0"},
				"down": {"uv": [0, 0, 0.22, 1.32], "rotation": 180, "texture": "#0"}
			}
		},
		{
			"from": [9.379, 5.5, 7.543],
			"to": [9.599, 6.82, 8.863],
			"rotation": {"angle": 0, "axis": "y", "origin": [8.015, 6.16, 8.203]},
			"faces": {
				"north": {"uv": [0, 0, 0.22, 1.32], "texture": "#0"},
				"east": {"uv": [0, 0, 1.32, 1.32], "texture": "#0"},
				"south": {"uv": [0, 0, 0.22, 1.32], "texture": "#0"},
				"west": {"uv": [0, 0, 1.32, 1.32], "texture": "#1"},
				"up": {"uv": [0, 0, 0.22, 1.32], "rotation": 180, "texture": "#0"},
				"down": {"uv": [0, 0, 0.22, 1.32], "rotation": 180, "texture": "#0"}
			}
		},
		{
			"from": [7.355, 5.5, 6.619],
			"to": [8.675, 6.82, 6.839],
			"rotation": {"angle": -45, "axis": "y", "origin": [8.015, 6.16, 8.203]},
			"faces": {
				"north": {"uv": [0, 0, 1.32, 1.32], "texture": "#0"},
				"east": {"uv": [0, 0, 0.22, 1.32], "texture": "#0"},
				"south": {"uv": [0, 0, 1.32, 1.32], "texture": "#1"},
				"west": {"uv": [0, 0, 0.22, 1.32], "texture": "#0"},
				"up": {"uv": [0, 0, 0.22, 1.32], "rotation": 90, "texture": "#0"},
				"down": {"uv": [0, 0, 0.22, 1.32], "rotation": 270, "texture": "#0"}
			}
		},
		{
			"from": [7.355, 5.5, 6.619],
			"to": [8.675, 6.82, 6.839],
			"rotation": {"angle": 0, "axis": "y", "origin": [8.015, 6.16, 8.203]},
			"faces": {
				"north": {"uv": [0, 0, 1.32, 1.32], "texture": "#0"},
				"east": {"uv": [0, 0, 0.22, 1.32], "texture": "#0"},
				"south": {"uv": [0, 0, 1.32, 1.32], "texture": "#1"},
				"west": {"uv": [0, 0, 0.22, 1.32], "texture": "#0"},
				"up": {"uv": [0, 0, 0.22, 1.32], "rotation": 90, "texture": "#0"},
				"down": {"uv": [0, 0, 0.22, 1.32], "rotation": 270, "texture": "#0"}
			}
		},
		{
			"from": [7.707, 5.06, 6.619],
			"to": [8.323, 5.5, 6.839],
			"rotation": {"angle": 0, "axis": "y", "origin": [15.055, -0.44, 1.163]},
			"faces": {
				"north": {"uv": [0, 0, 0.616, 0.44], "texture": "#0"},
				"east": {"uv": [0, 0, 0.22, 0.44], "texture": "#0"},
				"south": {"uv": [0, 0, 0.616, 0.44], "texture": "#1"},
				"west": {"uv": [0, 0, 0.22, 0.44], "texture": "#0"},
				"up": {"uv": [0, 0, 0.22, 0.616], "rotation": 90, "texture": "#0"},
				"down": {"uv": [0, 0, 0.22, 0.616], "rotation": 270, "texture": "#0"}
			}
		},
		{
			"from": [7.707, 5.06, 9.567],
			"to": [8.323, 5.5, 9.787],
			"rotation": {"angle": 0, "axis": "y", "origin": [15.055, -0.44, 1.163]},
			"faces": {
				"north": {"uv": [0, 0, 0.616, 0.44], "texture": "#1"},
				"east": {"uv": [0, 0, 0.22, 0.44], "texture": "#0"},
				"south": {"uv": [0, 0, 0.616, 0.44], "texture": "#0"},
				"west": {"uv": [0, 0, 0.22, 0.44], "texture": "#0"},
				"up": {"uv": [0, 0, 0.22, 0.616], "rotation": 90, "texture": "#0"},
				"down": {"uv": [0, 0, 0.22, 0.616], "rotation": 270, "texture": "#0"}
			}
		},
		{
			"from": [7.832, 5.16, 9.617],
			"to": [8.198, 5.4, 9.862],
			"rotation": {"angle": 0, "axis": "y", "origin": [15.055, -0.44, 1.163]},
			"faces": {
				"north": {"uv": [0, 0, 0.366, 0.24], "texture": "#2"},
				"east": {"uv": [0, 0, 0.245, 0.24], "texture": "#2"},
				"south": {"uv": [0, 0, 0.366, 0.24], "texture": "#2"},
				"west": {"uv": [0, 0, 0.245, 0.24], "texture": "#2"},
				"up": {"uv": [0, 0, 0.245, 0.366], "rotation": 90, "texture": "#2"},
				"down": {"uv": [0, 0, 0.245, 0.366], "rotation": 270, "texture": "#2"}
			}
		},
		{
			"from": [7.832, 5.16, 6.538],
			"to": [8.198, 5.4, 6.783],
			"rotation": {"angle": 0, "axis": "y", "origin": [15.055, -0.44, 14.837]},
			"faces": {
				"north": {"uv": [0.366, 0, 0, 0.24], "texture": "#2"},
				"east": {"uv": [0.245, 0, 0, 0.24], "texture": "#2"},
				"south": {"uv": [0.366, 0, 0, 0.24], "texture": "#2"},
				"west": {"uv": [0.245, 0, 0, 0.24], "texture": "#2"},
				"up": {"uv": [0.245, 0, 0, 0.366], "rotation": 90, "texture": "#2"},
				"down": {"uv": [0.245, 0, 0, 0.366], "rotation": 270, "texture": "#2"}
			}
		},
		{
			"from": [7.795, 5.94, 6.839],
			"to": [8.235, 6.38, 9.567],
			"rotation": {"angle": 0, "axis": "y", "origin": [15.055, -0.44, 1.163]},
			"faces": {
				"north": {"uv": [0, 0, 0.44, 0.44], "texture": "#1"},
				"east": {"uv": [0, 0, 2.728, 0.44], "texture": "#1"},
				"south": {"uv": [0, 0, 0.44, 0.44], "texture": "#1"},
				"west": {"uv": [0, 0, 2.728, 0.44], "texture": "#1"},
				"up": {"uv": [0, 0, 2.728, 0.44], "rotation": 90, "texture": "#1"},
				"down": {"uv": [0, 0, 2.728, 0.44], "rotation": 270, "texture": "#1"}
			}
		},
		{
			"from": [7.85, 30.855, 7.775],
			"to": [8.15, 31.62, 8.075],
			"rotation": {"angle": 22.5, "axis": "x", "origin": [8, 30.855, 7.775]},
			"faces": {
				"north": {"uv": [0, 0, 0.3, 0.765], "texture": "#1"},
				"east": {"uv": [0, 0, 0.3, 0.765], "texture": "#1"},
				"south": {"uv": [0, 0, 0.3, 0.765], "texture": "#1"},
				"west": {"uv": [0, 0, 0.3, 0.765], "texture": "#1"},
				"up": {"uv": [0, 0, 0.3, 0.3], "rotation": 90, "texture": "#1"},
				"down": {"uv": [0, 0, 0.3, 0.3], "rotation": 270, "texture": "#1"}
			}
		},
		{
			"from": [7.85, 30.855, 8.09],
			"to": [8.15, 31.17, 8.36],
			"rotation": {"angle": 0, "axis": "y", "origin": [8, 30.855, 7.775]},
			"faces": {
				"north": {"uv": [0, 0, 0.3, 0.315], "texture": "#1"},
				"east": {"uv": [0, 0, 0.27, 0.315], "texture": "#1"},
				"south": {"uv": [0, 0, 0.3, 0.315], "texture": "#1"},
				"west": {"uv": [0, 0, 0.27, 0.315], "texture": "#1"},
				"up": {"uv": [0, 0, 0.27, 0.3], "rotation": 90, "texture": "#1"},
				"down": {"uv": [0, 0, 0.27, 0.3], "rotation": 270, "texture": "#1"}
			}
		},
		{
			"from": [7.85, 30.855, 8.375],
			"to": [8.15, 31.62, 8.675],
			"rotation": {"angle": -22.5, "axis": "x", "origin": [8, 30.855, 8.675]},
			"faces": {
				"north": {"uv": [0.5, 0, 0.8, 0.765], "texture": "#1"},
				"east": {"uv": [0.5, 0, 0.8, 0.765], "texture": "#1"},
				"south": {"uv": [0.5, 0, 0.8, 0.765], "texture": "#1"},
				"west": {"uv": [0.5, 0, 0.8, 0.765], "texture": "#1"},
				"up": {"uv": [0.5, 0, 0.8, 0.3], "rotation": 90, "texture": "#1"},
				"down": {"uv": [0.5, 0, 0.8, 0.3], "rotation": 270, "texture": "#1"}
			}
		},
		{
			"from": [7.85, 31.425, 8.165],
			"to": [8.15, 31.65, 8.39],
			"rotation": {"angle": -45, "axis": "x", "origin": [8, 31.485, 8.225]},
			"faces": {
				"north": {"uv": [0, 0, 0.3, 0.225], "texture": "#1"},
				"east": {"uv": [0, 0, 0.225, 0.225], "texture": "#1"},
				"south": {"uv": [0, 0, 0.3, 0.225], "texture": "#1"},
				"west": {"uv": [0, 0, 0.225, 0.225], "texture": "#1"},
				"up": {"uv": [0, 0, 0.225, 0.3], "rotation": 90, "texture": "#1"},
				"down": {"uv": [0, 0, 0.225, 0.3], "rotation": 270, "texture": "#1"}
			}
		},
		{
			"from": [7.85, 7.115, 7.775],
			"to": [8.15, 30.855, 8.675],
			"rotation": {"angle": 0, "axis": "y", "origin": [12.8, 2.25, 3.425]},
			"faces": {
				"north": {"uv": [0, 0, 0.3, 16], "texture": "#1"},
				"east": {"uv": [0, 0, 0.9, 16], "texture": "#1"},
				"south": {"uv": [0, 0, 0.3, 16], "texture": "#1"},
				"west": {"uv": [0, 0, 0.9, 16], "texture": "#1"},
				"up": {"uv": [0, 0, 0.9, 0.3], "rotation": 90, "texture": "#1"},
				"down": {"uv": [0, 0, 0.9, 0.3], "rotation": 270, "texture": "#1"}
			}
		},
		{
			"from": [7.895, 30.846, 7.685],
			"to": [8.105, 31.764, 8.045],
			"rotation": {"angle": 22.5, "axis": "x", "origin": [8, 30.846, 7.685]},
			"faces": {
				"north": {"uv": [0, 0, 0.21, 0.918], "texture": "#1"},
				"east": {"uv": [0, 0, 0.36, 0.918], "texture": "#1"},
				"south": {"uv": [0, 0, 0.21, 0.918], "texture": "#1"},
				"west": {"uv": [0, 0, 0.36, 0.918], "texture": "#1"},
				"up": {"uv": [0, 0, 0.36, 0.21], "rotation": 90, "texture": "#1"},
				"down": {"uv": [0, 0, 0.36, 0.21], "rotation": 270, "texture": "#1"}
			}
		},
		{
			"from": [7.895, 30.846, 8.405],
			"to": [8.105, 31.764, 8.765],
			"rotation": {"angle": -22.5, "axis": "x", "origin": [8, 30.846, 8.765]},
			"faces": {
				"north": {"uv": [0.5, 0, 0.71, 0.918], "texture": "#1"},
				"east": {"uv": [0.5, 0, 0.86, 0.918], "texture": "#1"},
				"south": {"uv": [0.5, 0, 0.71, 0.918], "texture": "#1"},
				"west": {"uv": [0.5, 0, 0.86, 0.918], "texture": "#1"},
				"up": {"uv": [0.5, 0, 0.86, 0.21], "rotation": 90, "texture": "#1"},
				"down": {"uv": [0.5, 0, 0.86, 0.21], "rotation": 270, "texture": "#1"}
			}
		},
		{
			"from": [7.895, 31.53, 8.153],
			"to": [8.105, 31.8, 8.423],
			"rotation": {"angle": -45, "axis": "x", "origin": [8, 31.602, 8.225]},
			"faces": {
				"north": {"uv": [0, 0, 0.21, 0.27], "texture": "#1"},
				"east": {"uv": [0, 0, 0.27, 0.27], "texture": "#1"},
				"south": {"uv": [0, 0, 0.21, 0.27], "texture": "#1"},
				"west": {"uv": [0, 0, 0.27, 0.27], "texture": "#1"},
				"up": {"uv": [0, 0, 0.27, 0.21], "rotation": 90, "texture": "#1"},
				"down": {"uv": [0, 0, 0.27, 0.21], "rotation": 270, "texture": "#1"}
			}
		},
		{
			"from": [7.895, 7.383, 7.685],
			"to": [8.105, 30.846, 8.765],
			"rotation": {"angle": 0, "axis": "y", "origin": [13.76, -1.44, 2.465]},
			"faces": {
				"north": {"uv": [0, 0, 0.21, 16], "texture": "#1"},
				"east": {"uv": [0, 0, 1.08, 16], "texture": "#1"},
				"south": {"uv": [0, 0, 0.21, 16], "texture": "#1"},
				"west": {"uv": [0, 0, 1.08, 16], "texture": "#1"},
				"up": {"uv": [0, 0, 1.08, 0.21], "rotation": 90, "texture": "#1"},
				"down": {"uv": [0, 0, 1.08, 0.21], "rotation": 270, "texture": "#1"}
			}
		},
		{
			"from": [7.964, 30.8352, 7.577],
			"to": [8.036, 31.9368, 8.009],
			"rotation": {"angle": 22.5, "axis": "x", "origin": [8, 30.8352, 7.577]},
			"faces": {
				"north": {"uv": [0, 0, 0.072, 1.1016], "texture": "#1"},
				"east": {"uv": [0, 0, 0.432, 1.1016], "texture": "#1"},
				"south": {"uv": [0, 0, 0.072, 1.1016], "texture": "#1"},
				"west": {"uv": [0, 0, 0.432, 1.1016], "texture": "#1"},
				"up": {"uv": [0, 0, 0.432, 0.072], "rotation": 90, "texture": "#1"},
				"down": {"uv": [0, 0, 0.432, 0.072], "rotation": 270, "texture": "#1"}
			}
		},
		{
			"from": [7.964, 30.8352, 8.441],
			"to": [8.036, 31.9368, 8.873],
			"rotation": {"angle": -22.5, "axis": "x", "origin": [8, 30.8352, 8.873]},
			"faces": {
				"north": {"uv": [0.5, 0, 0.572, 1.1016], "texture": "#1"},
				"east": {"uv": [0.5, 0, 0.932, 1.1016], "texture": "#1"},
				"south": {"uv": [0.5, 0, 0.572, 1.1016], "texture": "#1"},
				"west": {"uv": [0.5, 0, 0.932, 1.1016], "texture": "#1"},
				"up": {"uv": [0.5, 0, 0.932, 0.072], "rotation": 90, "texture": "#1"},
				"down": {"uv": [0.5, 0, 0.932, 0.072], "rotation": 270, "texture": "#1"}
			}
		},
		{
			"from": [7.964, 31.656, 8.1386],
			"to": [8.036, 31.98, 8.4626],
			"rotation": {"angle": -45, "axis": "x", "origin": [8, 31.7424, 8.225]},
			"faces": {
				"north": {"uv": [0, 0, 0.072, 0.324], "texture": "#1"},
				"east": {"uv": [0, 0, 0.324, 0.324], "texture": "#1"},
				"south": {"uv": [0, 0, 0.072, 0.324], "texture": "#1"},
				"west": {"uv": [0, 0, 0.324, 0.324], "texture": "#1"},
				"up": {"uv": [0, 0, 0.324, 0.072], "rotation": 90, "texture": "#1"},
				"down": {"uv": [0, 0, 0.324, 0.072], "rotation": 270, "texture": "#1"}
			}
		},
		{
			"from": [7.964, 7.5646, 7.577],
			"to": [8.036, 30.8352, 8.873],
			"rotation": {"angle": 0, "axis": "y", "origin": [14.912, -5.868, 1.313]},
			"faces": {
				"north": {"uv": [0, 0, 0.072, 16], "texture": "#1"},
				"east": {"uv": [0, 0, 1.296, 16], "texture": "#1"},
				"south": {"uv": [0, 0, 0.072, 16], "texture": "#1"},
				"west": {"uv": [0, 0, 1.296, 16], "texture": "#1"},
				"up": {"uv": [0, 0, 1.296, 0.072], "rotation": 90, "texture": "#1"},
				"down": {"uv": [0, 0, 1.296, 0.072], "rotation": 270, "texture": "#1"}
			}
		},
		{
			"from": [7.75, 6.925, 5],
			"to": [8.25, 8.525, 5.925],
			"rotation": {"angle": 22.5, "axis": "x", "origin": [7.975, 0.5, 4.875]},
			"faces": {
				"north": {"uv": [0, 0, 0.5, 1.6], "texture": "#0"},
				"east": {"uv": [0, 0, 0.925, 1.6], "texture": "#0"},
				"south": {"uv": [0, 0, 0.5, 1.6], "texture": "#0"},
				"west": {"uv": [0, 0, 0.925, 1.6], "texture": "#0"},
				"up": {"uv": [0, 0, 0.5, 0.925], "texture": "#0"},
				"down": {"uv": [0, 0, 0.5, 0.925], "texture": "#0"}
			}
		},
		{
			"from": [7.75, 7.5099, 8.0471],
			"to": [8.25, 7.9099, 8.9221],
			"rotation": {"angle": 0, "axis": "y", "origin": [7.975, 7.2474, 8.2221]},
			"faces": {
				"north": {"uv": [0, 0, 0.5, 0.4], "texture": "#0"},
				"east": {"uv": [0, 0, 0.875, 0.4], "texture": "#0"},
				"south": {"uv": [0, 0, 0.5, 0.4], "texture": "#0"},
				"west": {"uv": [0, 0, 0.875, 0.4], "texture": "#0"},
				"up": {"uv": [0, 0, 0.5, 0.875], "texture": "#0"},
				"down": {"uv": [0, 0, 0.5, 0.875], "texture": "#0"}
			}
		},
		{
			"from": [7.775, 6.2849, 8.4471],
			"to": [8.225, 7.1349, 8.7471],
			"rotation": {"angle": 0, "axis": "y", "origin": [7.975, 7.2474, 8.2221]},
			"faces": {
				"north": {"uv": [0, 0, 0.5, 0.85], "texture": "#1"},
				"east": {"uv": [0, 0, 0.3, 0.85], "texture": "#1"},
				"south": {"uv": [0, 0, 0.5, 0.85], "texture": "#1"},
				"west": {"uv": [0, 0, 0.3, 0.85], "texture": "#1"},
				"up": {"uv": [0, 0, 0.5, 0.3], "texture": "#1"},
				"down": {"uv": [0, 0, 0.5, 0.3], "texture": "#1"}
			}
		},
		{
			"from": [7.8, 7.8849, 8.1221],
			"to": [8.2, 12.9849, 8.3221],
			"rotation": {"angle": 0, "axis": "y", "origin": [7.975, 7.2474, 8.2221]},
			"faces": {
				"north": {"uv": [0, 0, 0.4, 5.1], "texture": "#0"},
				"east": {"uv": [0, 0, 0.2, 5.1], "texture": "#0"},
				"south": {"uv": [0, 0, 0.4, 5.1], "texture": "#0"},
				"west": {"uv": [0, 0, 0.2, 5.1], "texture": "#0"},
				"up": {"uv": [0, 0, 0.4, 0.2], "texture": "#0"},
				"down": {"uv": [0, 0, 0.4, 0.2], "texture": "#0"}
			}
		},
		{
			"from": [7.825, 12.4849, 8.1221],
			"to": [8.175, 12.9099, 8.3221],
			"rotation": {"angle": 45, "axis": "x", "origin": [8, 12.4974, 8.2221]},
			"faces": {
				"north": {"uv": [0, 0, 0.35, 0.425], "texture": "#0"},
				"east": {"uv": [0, 0, 0.2, 0.425], "texture": "#0"},
				"south": {"uv": [0, 0, 0.35, 0.425], "texture": "#0"},
				"west": {"uv": [0, 0, 0.2, 0.425], "texture": "#0"},
				"up": {"uv": [0, 0, 0.35, 0.2], "texture": "#0"},
				"down": {"uv": [0, 0, 0.35, 0.2], "texture": "#0"}
			}
		},
		{
			"from": [7.825, 12.4849, 8.1221],
			"to": [8.175, 12.9099, 8.3221],
			"rotation": {"angle": -45, "axis": "x", "origin": [8, 12.4974, 8.2221]},
			"faces": {
				"north": {"uv": [0, 0, 0.35, 0.425], "texture": "#0"},
				"east": {"uv": [0, 0, 0.2, 0.425], "texture": "#0"},
				"south": {"uv": [0, 0, 0.35, 0.425], "texture": "#0"},
				"west": {"uv": [0, 0, 0.2, 0.425], "texture": "#0"},
				"up": {"uv": [0, 0, 0.35, 0.2], "texture": "#0"},
				"down": {"uv": [0, 0, 0.35, 0.2], "texture": "#0"}
			}
		}
	],
	"display": {
		"thirdperson_righthand": {
			"translation": [0, 3.5, 1],
			"scale": [1, 1.13, 1]
		},
		"thirdperson_lefthand": {
			"translation": [0, 3, 1],
			"scale": [1, 1.13, 1]
		},
		"firstperson_righthand": {
			"rotation": [-17.5, -15, -3],
			"translation": [2.75, 1.75, 0],
			"scale": [0.6, 0.75, 0.75]
		},
		"firstperson_lefthand": {
			"rotation": [-17.5, -15, -3],
			"translation": [2.75, 1.75, 0],
			"scale": [0.6, 0.6, 0.6]
		},
		"ground": {
			"rotation": [0, 0, 90],
			"translation": [8, 0, 0]
		},
		"gui": {
			"rotation": [90, -136, 90],
			"translation": [-5, -5, 0],
			"scale": [0.72, 0.72, 0.72]
		},
		"head": {
			"rotation": [90, 57, 90],
			"translation": [7.25, -7.25, 7]
		},
		"fixed": {
			"rotation": [90, -45, 90],
			"translation": [4.25, -4.5, -0.5],
			"scale": [1, 0.80078, 1]
		}
	},
	"groups": [
		{
			"name": "group",
			"origin": [7.5, 0.5, 7],
			"color": 0,
			"children": [0, 1, 2, 3]
		},
		{
			"name": "group",
			"origin": [7.5, 0.5, 7],
			"color": 0,
			"children": [4, 5, 6, 7]
		},
		{
			"name": "group",
			"origin": [7.5, 0.5, 7],
			"color": 0,
			"children": [8, 9, 10, 11]
		},
		{
			"name": "group",
			"origin": [7.5, 0.5, 7],
			"color": 0,
			"children": [12, 13, 14, 15]
		},
		{
			"name": "group",
			"origin": [8.025, 7.5, 8],
			"color": 0,
			"children": [16, 17, 18, 19, 20, 21, 22, 23, 24, 25, 26, 27, 28]
		},
		{
			"name": "group",
			"origin": [8, 30.55, 8],
			"color": 0,
			"children": [29, 30, 31, 32, 33]
		},
		{
			"name": "group",
			"origin": [8, 30.55, 8],
			"color": 0,
			"children": [34, 35, 36, 37]
		},
		{
			"name": "group",
			"origin": [8, 30.55, 8],
			"color": 0,
			"children": [38, 39, 40, 41]
		},
		{
			"name": "group",
			"origin": [8, 12.4974, 8.2221],
			"color": 0,
			"children": [42, 43, 44, 45, 46, 47]
		}
	]
}